Parceiro,Tipo,Subtipo,Especialidade,Produto,Valor Particular,Valor Repasse,Valor Venda
Ananda Cantolino,Profissional,Médico,Cirurgia plástica,Abdominoplastia,20000.00,10350.00,0.00
Ananda Cantolino,Profissional,Médico,Cirurgia plástica,Abdominoplastia + hérnia umbilical,22000.00,11500.00,0.00
Ananda Cantolino,Profissional,Médico,Cirurgia plástica,Abdominoplastia + lipoaspiracão anterior,35000.00,16100.00,0.00
Ananda Cantolino,Profissional,Médico,Cirurgia plástica,Abdominoplastia + lipoaspiracão anterior e posterior,45000.00,20700.00,0.00
Ananda Cantolino,Profissional,Médico,Cirurgia plástica,Abdominoplastia + lipoescultura,50000.00,23000.00,0.00
Ananda Cantolino,Profissional,Médico,Cirurgia plástica,Abdominoplastia pós bariátrica,25000.00,11500.00,0.00
Ananda Cantolino,Profissional,Médico,Cirurgia plástica,Blefaroplastia superior,9000.00,6900.00,0.00
Ananda Cantolino,Profissional,Médico,Cirurgia plástica,Blefaroplastia superior + inferior,12000.00,8050.00,0.00
Ananda Cantolino,Profissional,Médico,Cirurgia plástica,Blefaroplastia superior + inferior + cantopexia ou cantoplastia,15000.00,9200.00,0.00
Ananda Cantolino,Profissional,Médico,Cirurgia plástica,Braquioplastia (lifting de braço),20000.00,11500.00,0.00
Ananda Cantolino,Profissional,Médico,Cirurgia plástica,Consulta,500.00,200.00,300.00
Ananda Cantolino,Profissional,Médico,Cirurgia plástica,Cruroplastia (lifting de coxas),25000.00,13800.00,0.00
Ananda Cantolino,Profissional,Médico,Cirurgia plástica,Ginecomastia grande (simon 2b ou 3),18000.00,11500.00,0.00
Ananda Cantolino,Profissional,Médico,Cirurgia plástica,Ginecomastia pequena (simon 1 ou 2a),15000.00,8050.00,0.00
Ananda Cantolino,Profissional,Médico,Cirurgia plástica,Lipoaspiracão anterior,20000.00,9200.00,0.00
Ananda Cantolino,Profissional,Médico,Cirurgia plástica,Lipoaspiracão anterior e posterior,25000.00,13800.00,0.00
Ananda Cantolino,Profissional,Médico,Cirurgia plástica,Lipoaspiracão de axilas associada à mamoplastia ou mastopexia,3000.00,1725.00,0.00
Ananda Cantolino,Profissional,Médico,Cirurgia plástica,Lipoaspiração de papada,8000.00,4600.00,0.00
Ananda Cantolino,Profissional,Médico,Cirurgia plástica,Lipoescultura (lipoaspiracão + lipoenxertia glútea),28000.00,16100.00,0.00
Ananda Cantolino,Profissional,Médico,Cirurgia plástica,Mamoplastia de aumento,16000.00,8050.00,0.00
Ananda Cantolino,Profissional,Médico,Cirurgia plástica,Mamoplastia de aumento + abdominoplastia,35000.00,17250.00,0.00
Ananda Cantolino,Profissional,Médico,Cirurgia plástica,Mamoplastia de aumento + abdominoplastia + lipoescultura,55000.00,27600.00,0.00
Ananda Cantolino,Profissional,Médico,Cirurgia plástica,Mamoplastia de aumento + lipoescultura,40000.00,18400.00,0.00
Ananda Cantolino,Profissional,Médico,Cirurgia plástica,Mamoplastia pós bariatrica,25000.00,12075.00,0.00
Ananda Cantolino,Profissional,Médico,Cirurgia plástica,Mamoplastia redutora,22000.00,11500.00,0.00
Ananda Cantolino,Profissional,Médico,Cirurgia plástica,Mastopexia com prótese,22000.00,11500.00,0.00
Ananda Cantolino,Profissional,Médico,Cirurgia plástica,Mastopexia sem prótese,22000.00,11500.00,0.00
Ananda Cantolino,Profissional,Médico,Cirurgia plástica,Mini abdominoplastia,16000.00,8050.00,0.00
Ananda Cantolino,Profissional,Médico,Cirurgia plástica,Mini abdominoplastia + lipoescultura,40000.00,20700.00,0.00
Ananda Cantolino,Profissional,Médico,Cirurgia plástica,Ninfoplastia,15000.00,9200.00,0.00
Ananda Cantolino,Profissional,Médico,Cirurgia plástica,Otoplastia,12000.00,8050.00,0.00
Anestesia e Serviços Médicos LTDA,Profissional,Médico,Anestesia,Abdominoplastia,2800.00,2600.00,0.00
Anestesia e Serviços Médicos LTDA,Profissional,Médico,Anestesia,Abdominoplastia em ancora,2800.00,2600.00,0.00
Anestesia e Serviços Médicos LTDA,Profissional,Médico,Anestesia,Blefaroplastia superior,1600.00,1500.00,0.00
Anestesia e Serviços Médicos LTDA,Profissional,Médico,Anestesia,Blefaroplastia superior + inferior + cantopexia ou cantoplastia,1600.00,1500.00,0.00
Anestesia e Serviços Médicos LTDA,Profissional,Médico,Anestesia,Braquioplastia,2000.00,1950.00,0.00
Anestesia e Serviços Médicos LTDA,Profissional,Médico,Anestesia,Cruroplastia,1600.00,1500.00,0.00
Anestesia e Serviços Médicos LTDA,Profissional,Médico,Anestesia,Ginecomastia,1800.00,1500.00,0.00
Anestesia e Serviços Médicos LTDA,Profissional,Médico,Anestesia,Ginecomastia com lipo de peitoral,1800.00,1500.00,0.00
Anestesia e Serviços Médicos LTDA,Profissional,Médico,Anestesia,Lifting facial,2800.00,2600.00,0.00
Anestesia e Serviços Médicos LTDA,Profissional,Médico,Anestesia,Lipo safer (abdômen e flancos),2800.00,2400.00,0.00
Anestesia e Serviços Médicos LTDA,Profissional,Médico,Anestesia,Lipo safer (abdômen e flancos) +enxertia,2800.00,2400.00,0.00
Anestesia e Serviços Médicos LTDA,Profissional,Médico,Anestesia,"Lipo safer (abdômen, flancos e costas)",2800.00,2400.00,0.00
Anestesia e Serviços Médicos LTDA,Profissional,Médico,Anestesia,"Lipo safer (abdômen, flancos e costas) + enxertia",2800.00,2400.00,0.00
Anestesia e Serviços Médicos LTDA,Profissional,Médico,Anestesia,"Lipo safer (abdômen, flancos, costas, braços, coxas e monte de vênus) + enxertia",2800.00,2400.00,0.00
Anestesia e Serviços Médicos LTDA,Profissional,Médico,Anestesia,"Lipo safer (abdômen, flancos, costas, e monte de vênus) + enxertia",2800.00,2400.00,0.00
Anestesia e Serviços Médicos LTDA,Profissional,Médico,Anestesia,"Lipo safer (abômen, flancos e costas) + enxertia +abdominoplastia",4000.00,3700.00,0.00
Anestesia e Serviços Médicos LTDA,Profissional,Médico,Anestesia,"Lipo safer 360° (abômen, flancos e lombar )",2800.00,2600.00,0.00
Anestesia e Serviços Médicos LTDA,Profissional,Médico,Anestesia,"Lipo safer 360° (abômen, flancos e costas) + abdominiplastia",3980.00,3700.00,0.00
Anestesia e Serviços Médicos LTDA,Profissional,Médico,Anestesia,Lipoaspiração de abdome com enxertia,2800.00,2400.00,0.00
Anestesia e Serviços Médicos LTDA,Profissional,Médico,Anestesia,Lipoaspiracão de abdome e dorso com enxertia,2800.00,2400.00,0.00
Anestesia e Serviços Médicos LTDA,Profissional,Médico,Anestesia,Lipoaspiracão de abdome e dorso sem enxertia,2800.00,2400.00,0.00
Anestesia e Serviços Médicos LTDA,Profissional,Médico,Anestesia,Lipoaspiração de abdome sem enxertia,2800.00,2400.00,0.00
Anestesia e Serviços Médicos LTDA,Profissional,Médico,Anestesia,Lipoaspiração de papada,1600.00,1500.00,0.00
Anestesia e Serviços Médicos LTDA,Profissional,Médico,Anestesia,Lipoaspiracão pequena (ex: braços ou coxas ou axilas + torax),1600.00,1500.00,0.00
Anestesia e Serviços Médicos LTDA,Profissional,Médico,Anestesia,Mamoplastia de aumento,2400.00,2320.00,0.00
Anestesia e Serviços Médicos LTDA,Profissional,Médico,Anestesia,Mamoplastia de aumento submuscular estruturada,3500.00,3200.00,0.00
Anestesia e Serviços Médicos LTDA,Profissional,Médico,Anestesia,Mamoplastia redutora,2800.00,2600.00,0.00
Anestesia e Serviços Médicos LTDA,Profissional,Médico,Anestesia,Mamoplastia redutora com prótese,3500.00,3200.00,0.00
Anestesia e Serviços Médicos LTDA,Profissional,Médico,Anestesia,Mamoplastia redutora com prótese + lipo de axila,3800.00,3800.00,0.00
Anestesia e Serviços Médicos LTDA,Profissional,Médico,Anestesia,Mastopexia com prótese,3500.00,3200.00,0.00
Anestesia e Serviços Médicos LTDA,Profissional,Médico,Anestesia,Mastopexia com protese multiplanos em l,3500.00,3200.00,0.00
Anestesia e Serviços Médicos LTDA,Profissional,Médico,Anestesia,Mastopexia sem prótese,3500.00,3200.00,0.00
Anestesia e Serviços Médicos LTDA,Profissional,Médico,Anestesia,Miniabdominoplastia,1200.00,1000.00,0.00
Anestesia e Serviços Médicos LTDA,Profissional,Médico,Anestesia,Ninfoplastia,1500.00,1500.00,0.00
Anestesia e Serviços Médicos LTDA,Profissional,Médico,Anestesia,Otoplastia,1400.00,1300.00,0.00
Anestesia e Serviços Médicos LTDA,Profissional,Médico,Anestesia,Parto cesárea,900.00,900.00,0.00
Anestesia e Serviços Médicos LTDA,Profissional,Médico,Anestesia,Rinoplastia,2500.00,2320.00,0.00
Anestesia e Serviços Médicos LTDA,Profissional,Médico,Anestesia,Rinoplastia com cartilagem costal,2500.00,2320.00,0.00
Gustavo Bonfim,Profissional,Médico,Dentista ,Clareamento," R$  1.200,00 "," R$  960,00 ","R$ 1.116,00"
Gustavo Bonfim,Profissional,Médico,Dentista ,Coroa Provisoria," R$  350,00 "," R$  280,00 ","R$ 325,50"
Gustavo Bonfim,Profissional,Médico,Dentista ,Coroa Sobre Dente," R$  1.800,00 "," R$  1.440,00 ","R$ 1.674,00"
Gustavo Bonfim,Profissional,Médico,Dentista ,Coroa Sobre Implante," R$  1.800,00 "," R$  1.440,00 ","R$ 1.674,00"
Gustavo Bonfim,Profissional,Médico,Dentista ,Coroa Sobre Implante Importado," R$  2.000,00 "," R$  1.600,00 ","R$ 1.860,00"
Gustavo Bonfim,Profissional,Médico,Dentista ,Endo Retratamento," R$  1.400,00 "," R$  1.120,00 ","R$ 1.302,00"
Gustavo Bonfim,Profissional,Médico,Dentista ,Endodontia," R$  1.200,00 "," R$  960,00 ","R$ 1.116,00"
Gustavo Bonfim,Profissional,Médico,Dentista ,Exodontia 3 Molar," R$  800,00 "," R$  640,00 ","R$ 744,00"
Gustavo Bonfim,Profissional,Médico,Dentista ,Exodontia Comum," R$  300,00 "," R$  240,00 ","R$ 279,00"
Gustavo Bonfim,Profissional,Médico,Dentista ,Implante Importado," R$  2.000,00 "," R$  1.600,00 ","R$ 1.860,00"
Gustavo Bonfim,Profissional,Médico,Dentista ,Implante Nacional," R$  1.200,00 "," R$  960,00 ","R$ 1.116,00"
Gustavo Bonfim,Profissional,Médico,Dentista ,Pino de Fibra de Vidro," R$  400,00 "," R$  320,00 ","R$ 372,00"
Gustavo Bonfim,Profissional,Médico,Dentista ,Planejamento / Mockup por Unidade," R$  200,00 "," R$  160,00 ","R$ 186,00"
Gustavo Bonfim,Profissional,Médico,Dentista ,Profilaxia," R$  200,00 "," R$  160,00 ","R$ 186,00"
Gustavo Bonfim,Profissional,Médico,Dentista ,Raspagem Subgenvival," R$  600,00 "," R$  480,00 ","R$ 558,00"
Gustavo Bonfim,Profissional,Médico,Dentista ,Raspagem Supragengival," R$  300,00 "," R$  240,00 ","R$ 279,00"
Gustavo Bonfim,Profissional,Médico,Dentista ,Restauração," R$  250,00 "," R$  200,00 ","R$ 232,50"
Angioclin,Local,Clínica,Multidisciplinar,Angiologista,350.00,120.00,180.00
Angioclin,Local,Clínica,Multidisciplinar,Cardiologista,350.00,120.00,180.00
Angioclin,Local,Clínica,Multidisciplinar,Cirurgião vascular,350.00,120.00,180.00
Angioclin,Local,Clínica,Multidisciplinar,"Clacs (por sessão, cada membro)",900.00,650.00,800.00
Angioclin,Local,Clínica,Multidisciplinar,Doppler colorido arterial de membro inferior - unilateral,400.00,160.00,280.00
Angioclin,Local,Clínica,Multidisciplinar,Doppler colorido arterial de membro superior - unilateral,400.00,160.00,280.00
Angioclin,Local,Clínica,Multidisciplinar,Doppler colorido de aorta e aterias renais,400.00,160.00,280.00
Angioclin,Local,Clínica,Multidisciplinar,Doppler colorido de aorta e iliacas,400.00,260.00,350.00
Angioclin,Local,Clínica,Multidisciplinar,Doppler colorido de vasos cervicais arteiais - bilateral,400.00,160.00,220.00
Angioclin,Local,Clínica,Multidisciplinar,Doppler colorido de vasos cervicais venoso - bilateral,400.00,160.00,220.00
Angioclin,Local,Clínica,Multidisciplinar,Doppler colorido venoso de membro inferior - unilateral,400.00,160.00,280.00
Angioclin,Local,Clínica,Multidisciplinar,Doppler colorido venoso de membro superior - unilateral,400.00,160.00,280.00
Angioclin,Local,Clínica,Multidisciplinar,Ecocardiograma - eco,270.00,200.00,270.00
Angioclin,Local,Clínica,Multidisciplinar,Eletrocardiograma - ecg (com laudo),100.00,100.00,100.00
Angioclin,Local,Clínica,Multidisciplinar,Eletrocardiograma - ecg (sem laudo),70.00,70.00,70.00
Angioclin,Local,Clínica,Multidisciplinar,"Escleropatia (por sessão, cada membro)",500.00,300.00,400.00
Angioclin,Local,Clínica,Multidisciplinar,"Espuma (por sessão, cada membro)",700.00,500.00,640.00
Angioclin,Local,Clínica,Multidisciplinar,Gastroenterologista,350.00,120.00,180.00
Angioclin,Local,Clínica,Multidisciplinar,"Laser (por sessão, cada membro)",300.00,180.00,240.00
Angioclin,Local,Clínica,Multidisciplinar,Neurologista,350.00,120.00,180.00
Angioclin,Local,Clínica,Multidisciplinar,Nutricionista,350.00,120.00,180.00
Angioclin,Local,Clínica,Multidisciplinar,Oftamologista,350.00,120.00,180.00
Angioclin,Local,Clínica,Multidisciplinar,Ortopedista,350.00,120.00,180.00
Angioclin,Local,Clínica,Multidisciplinar,Urologista,350.00,120.00,180.00
Angioclin,Local,Clínica,Multidisciplinar,Usg abdome superior,180.00,180.00,180.00
Angioclin,Local,Clínica,Multidisciplinar,Usg abdome total,280.00,280.00,280.00
Angioclin,Local,Clínica,Multidisciplinar,Usg bolsa escrotal com doppler,250.00,250.00,250.00
Angioclin,Local,Clínica,Multidisciplinar,Usg bolsa escrotal sem doppler,180.00,180.00,180.00
Angioclin,Local,Clínica,Multidisciplinar,Usg cervical/pescoço,200.00,200.00,200.00
Angioclin,Local,Clínica,Multidisciplinar,Usg cervicometria,80.00,80.00,80.00
Angioclin,Local,Clínica,Multidisciplinar,Usg cotovelo,180.00,180.00,180.00
Angioclin,Local,Clínica,Multidisciplinar,Usg glândulas salivares,180.00,180.00,180.00
Angioclin,Local,Clínica,Multidisciplinar,Usg joelho,180.00,180.00,180.00
Angioclin,Local,Clínica,Multidisciplinar,Usg mama e axila,180.00,180.00,180.00
Angioclin,Local,Clínica,Multidisciplinar,Usg mão,180.00,180.00,180.00
Angioclin,Local,Clínica,Multidisciplinar,Usg obstetrico com doppler,300.00,300.00,300.00
Angioclin,Local,Clínica,Multidisciplinar,Usg ombro,180.00,180.00,180.00
Angioclin,Local,Clínica,Multidisciplinar,Usg parede abdominal,180.00,180.00,180.00
Angioclin,Local,Clínica,Multidisciplinar,Usg partes moles,180.00,180.00,180.00
Angioclin,Local,Clínica,Multidisciplinar,Usg pé,180.00,180.00,180.00
Angioclin,Local,Clínica,Multidisciplinar,Usg pelve via transabdominal,250.00,250.00,250.00
Angioclin,Local,Clínica,Multidisciplinar,Usg perfil biofisico fetal - pbf,140.00,140.00,140.00
Angioclin,Local,Clínica,Multidisciplinar,Usg próstata via abdominal,200.00,200.00,200.00
Angioclin,Local,Clínica,Multidisciplinar,Usg punho,180.00,180.00,180.00
Angioclin,Local,Clínica,Multidisciplinar,Usg região inguinal,180.00,180.00,180.00
Angioclin,Local,Clínica,Multidisciplinar,Usg rins e vias urinarias,180.00,180.00,180.00
Angioclin,Local,Clínica,Multidisciplinar,Usg tireoide com doppler,250.00,250.00,250.00
Angioclin,Local,Clínica,Multidisciplinar,Usg tireoide sem doppler,180.00,180.00,180.00
Angioclin,Local,Clínica,Multidisciplinar,Usg tornozelo,180.00,180.00,180.00
Angioclin,Local,Clínica,Multidisciplinar,Usg transvarginal com doppler,320.00,320.00,320.00
Angioclin,Local,Clínica,Multidisciplinar,Usg transvarginal sem doppler,250.00,250.00,250.00
Angioclin,Local,Clínica,Multidisciplinar,Usg usg obstetrico sem doppler,200.00,200.00,200.00
Atma,Local,Clínica,Multidisciplinar,Colonoscopia (inclui a retossigmoidoscopia),500.00,350.00,0.00
Atma,Local,Clínica,Multidisciplinar,Consulta cardiologia,300.00,125.00,180.00
Atma,Local,Clínica,Multidisciplinar,Consulta cirurgia cabeca e pescoco,300.00,125.00,180.00
Atma,Local,Clínica,Multidisciplinar,Consulta clinico geral,300.00,100.00,180.00
Atma,Local,Clínica,Multidisciplinar,Consulta endocrinologista,300.00,125.00,180.00
Atma,Local,Clínica,Multidisciplinar,Consulta fisioterapia,160.00,90.00,120.00
Atma,Local,Clínica,Multidisciplinar,Consulta gastroenterologia,300.00,125.00,180.00
Atma,Local,Clínica,Multidisciplinar,Consulta ginecologista/obstetra,300.00,125.00,180.00
Atma,Local,Clínica,Multidisciplinar,Consulta neurologista,350.00,145.00,180.00
Atma,Local,Clínica,Multidisciplinar,Consulta nutricionista,160.00,90.00,120.00
Atma,Local,Clínica,Multidisciplinar,Consulta ortopedia,300.00,125.00,180.00
Atma,Local,Clínica,Multidisciplinar,Consulta pediatria,300.00,125.00,180.00
Atma,Local,Clínica,Multidisciplinar,Consulta pneumologista,300.00,125.00,180.00
Atma,Local,Clínica,Multidisciplinar,Consulta procotlogista,300.00,125.00,180.00
Atma,Local,Clínica,Multidisciplinar,Consulta psiquiatria,300.00,125.00,180.00
Atma,Local,Clínica,Multidisciplinar,Consulta reumatologista,300.00,125.00,180.00
Atma,Local,Clínica,Multidisciplinar,Eletrocardiograma (ecg),100.00,60.00,80.00
Atma,Local,Clínica,Multidisciplinar,Endoscopia alta,800.00,470.00,800.00
Atma,Local,Clínica,Multidisciplinar,Endoscopia digestiva alta,450.00,270.00,380.00
Atma,Local,Clínica,Multidisciplinar,Psicologia aba consulta,200.00,120.00,180.00
Atma,Local,Clínica,Multidisciplinar,Psicologia aba sessão,160.00,90.00,120.00
Atma,Local,Clínica,Multidisciplinar,Psicologia consulta,160.00,70.00,120.00
Atma,Local,Clínica,Multidisciplinar,Psicologia sessão,130.00,60.00,110.00
Atma,Local,Clínica,Multidisciplinar,Teste de olhinho,120.00,90.00,110.00
Atma,Local,Clínica,Multidisciplinar,Teste do pezinho ampliado (tsh neonatal + 17 oh progesterona + fenilal,100.00,50.00,80.00
Atma,Local,Clínica,Multidisciplinar,Usg abdomem com doppler,300.00,100.00,200.00
Atma,Local,Clínica,Multidisciplinar,Usg abdomem superior,200.00,90.00,160.00
Atma,Local,Clínica,Multidisciplinar,Usg abdomem total,250.00,100.00,180.00
Atma,Local,Clínica,Multidisciplinar,Usg abdomem total com doppler,300.00,110.00,200.00
Atma,Local,Clínica,Multidisciplinar,Usg articulação,200.00,80.00,160.00
Atma,Local,Clínica,Multidisciplinar,Usg articulação com doppler,300.00,100.00,200.00
Atma,Local,Clínica,Multidisciplinar,Usg axila,220.00,80.00,160.00
Atma,Local,Clínica,Multidisciplinar,Usg carotidas e vertebrais,350.00,120.00,230.00
Atma,Local,Clínica,Multidisciplinar,Usg cervical,200.00,80.00,160.00
Atma,Local,Clínica,Multidisciplinar,Usg cervical com doppler,300.00,100.00,160.00
Atma,Local,Clínica,Multidisciplinar,Usg com doppler mmii arterial (valor unilateral),350.00,120.00,230.00
Atma,Local,Clínica,Multidisciplinar,Usg com doppler mmii venoso (valor unilateral),350.00,120.00,230.00
Atma,Local,Clínica,Multidisciplinar,Usg com doppler mmss arterial (valor unilateral),350.00,120.00,230.00
Atma,Local,Clínica,Multidisciplinar,Usg com doppler mmss venoso (valor unilateral),350.00,120.00,230.00
Atma,Local,Clínica,Multidisciplinar,Usg doppler arterial renal,450.00,200.00,320.00
Atma,Local,Clínica,Multidisciplinar,Usg doppler de carotidas e vertebras,300.00,120.00,220.00
Atma,Local,Clínica,Multidisciplinar,Usg doppler transfontanela,300.00,120.00,220.00
Atma,Local,Clínica,Multidisciplinar,Usg glândulas salivares,200.00,80.00,160.00
Atma,Local,Clínica,Multidisciplinar,Usg glandulas salivares com doppler,300.00,100.00,200.00
Atma,Local,Clínica,Multidisciplinar,Usg jugulares,350.00,120.00,230.00
Atma,Local,Clínica,Multidisciplinar,Usg mamas (axila),220.00,100.00,180.00
Atma,Local,Clínica,Multidisciplinar,Usg morfologica com doppler,250.00,100.00,180.00
Atma,Local,Clínica,Multidisciplinar,Usg obstetrica,200.00,80.00,160.00
Atma,Local,Clínica,Multidisciplinar,Usg obstetrica (transvaginal) - 1º trimestre,250.00,110.00,200.00
Atma,Local,Clínica,Multidisciplinar,Usg obstetrica com doppler,350.00,120.00,230.00
Atma,Local,Clínica,Multidisciplinar,Usg parede abdominal,200.00,80.00,160.00
Atma,Local,Clínica,Multidisciplinar,Usg partes moles,200.00,80.00,160.00
Atma,Local,Clínica,Multidisciplinar,Usg partes moles com doppler,300.00,100.00,200.00
Atma,Local,Clínica,Multidisciplinar,Usg região inguinal,200.00,80.00,160.00
Atma,Local,Clínica,Multidisciplinar,Usg tireoide,200.00,80.00,160.00
Atma,Local,Clínica,Multidisciplinar,Usg tireoide com doppler,300.00,100.00,200.00
Atma,Local,Clínica,Multidisciplinar,Usg torax,200.00,80.00,160.00
Atma,Local,Clínica,Multidisciplinar,Usg transvaginal,300.00,110.00,200.00
Atma,Local,Clínica,Multidisciplinar,Usg transvaginal com doppler,250.00,120.00,180.00
Atma,Local,Clínica,Multidisciplinar,Usg transvaginal para controle de ovulação,200.00,80.00,160.00
Atma,Local,Clínica,Multidisciplinar,Usg vias urinarias,200.00,80.00,160.00
Beatriz Vidal,Local,Consultório,Multidisciplinar,Pós operatório lipo + mastopexia,2800.00,2500.00,0.00
Beatriz Vidal,Local,Consultório,Multidisciplinar,Pós operatorio lipoabdominoplastia 5 sessões,2800.00,2500.00,0.00
Beatriz Vidal,Local,Consultório,Multidisciplinar,Pós operatorio mama 5 sessões,2500.00,2000.00,0.00
Biolab,Local,Laboratório,Exames clínicos,Ácido trans-muconico,80.00,70.00,"75,00"
Biolab,Local,Laboratório,Exames clínicos,Anátomo patológico 2 fragmentos,220.00,154.00,"200,00"
Biolab,Local,Laboratório,Exames clínicos,Androstenediona,30.00,24.00,"28,00"
Biolab,Local,Laboratório,Exames clínicos,Anti endomisio igg,60.00,50.00,"56,00"
Biolab,Local,Laboratório,Exames clínicos,Anti endomisio igm,60.00,50.00,"56,00"
Biolab,Local,Laboratório,Exames clínicos,Anticoagulante lupico,60.00,55.00,"59,00"
Biolab,Local,Laboratório,Exames clínicos,Antigliadina( glúten ) igm,90.00,74.00,"85,00"
Biolab,Local,Laboratório,Exames clínicos,Anti-mulleriano,520.00,460.00,"500,00"
Biolab,Local,Laboratório,Exames clínicos,Bordetella - anticorpos igg,130.00,110.00,"125,00"
Biolab,Local,Laboratório,Exames clínicos,Bordetella - anticorpos igm,130.00,110.00,"125,00"
Biolab,Local,Laboratório,Exames clínicos,Ca 50/100,100.00,90.00,"95,00"
Biolab,Local,Laboratório,Exames clínicos,Calprotectina fecal,200.00,170.00,"180,00"
Biolab,Local,Laboratório,Exames clínicos,Cariotipo banda g,650.00,600.00,"645,00"
Biolab,Local,Laboratório,Exames clínicos,"Caxumba, igg e igm",80.00,70.00,"78,00"
Biolab,Local,Laboratório,Exames clínicos,Chagas igg,20.00,16.00,"18,00"
Biolab,Local,Laboratório,Exames clínicos,Chagas igm - ifi,20.00,16.00,"18,00"
Biolab,Local,Laboratório,Exames clínicos,Complemento ch50/100,40.00,35.00,"38,00"
Biolab,Local,Laboratório,Exames clínicos,Eletroforese de lipoproteínas,40.00,35.00,"38,00"
Biolab,Local,Laboratório,Exames clínicos,"Fator reumatoide, teste do látex ( qualitativo )",10.00,9.00,"9,50"
Biolab,Local,Laboratório,Exames clínicos,"Hepatite b – hbsag ( au, antígeno de austrália)",20.00,17.00,"19,00"
Biolab,Local,Laboratório,Exames clínicos,Homocisteina,60.00,54.00,"59,00"
Biolab,Local,Laboratório,Exames clínicos,Iodo serico,110.00,95.00,"100,00"
Biolab,Local,Laboratório,Exames clínicos,Macroprolactina,40.00,35.00,"38,00"
Biolab,Local,Laboratório,Exames clínicos,Manganes serico,30.00,26.00,"29,00"
Biolab,Local,Laboratório,Exames clínicos,Oxcarbamazepina,130.00,110.00,"125,00"
Biolab,Local,Laboratório,Exames clínicos,Proteina ligadora igf-i tipo 3 (igfbp),70.00,63.00,"69,00"
Biolab,Local,Laboratório,Exames clínicos,Renina,90.00,80.00,"88,00"
Biolab,Local,Laboratório,Exames clínicos,Transglutaminase tecidual iga,80.00,69.00,"79,00"
Biolab,Local,Laboratório,Exames clínicos,17 alfa hidroxiprogesterona,40.00,22.00,32.00
Biolab,Local,Laboratório,Exames clínicos,3 - alfa androstanediol glucoronide/dehidrosterona (dth),90.00,32.00,72.00
Biolab,Local,Laboratório,Exames clínicos,"Acetilcolinesterase, em eritrócitos",50.00,35.00,45.00
Biolab,Local,Laboratório,Exames clínicos,"Acetona, dosagem no plasma fluoretado",52.00,36.40,46.00
Biolab,Local,Laboratório,Exames clínicos,Ácido 5 hidroxi indoil acético,250.00,175.00,225.00
Biolab,Local,Laboratório,Exames clínicos,Ácido citrico (citrato) – soro,150.00,105.00,135.00
Biolab,Local,Laboratório,Exames clínicos,Acido delta aminolevulinico - ala-u,170.00,22.00,136.00
Biolab,Local,Laboratório,Exames clínicos,Ácido delta aminolevulínico( para chumbo inorgânico ) - urina 24,50.00,22.00,40.00
Biolab,Local,Laboratório,Exames clínicos,Acido fenilglioxilico,40.00,28.00,35.00
Biolab,Local,Laboratório,Exames clínicos,Ácido fenilmercapturico,460.00,322.00,400.00
Biolab,Local,Laboratório,Exames clínicos,Acido folico,30.00,24.00,29.00
Biolab,Local,Laboratório,Exames clínicos,Acido hipurico (para tolueno),30.00,16.00,24.00
Biolab,Local,Laboratório,Exames clínicos,Ácido homo vanílico,250.00,175.00,225.00
Biolab,Local,Laboratório,Exames clínicos,Acido láctico,40.00,20.00,32.00
Biolab,Local,Laboratório,Exames clínicos,Ácido mandélico (para estireno) – urina,54.00,40.00,50.00
Biolab,Local,Laboratório,Exames clínicos,Ácido metil hipúrico (para xilennos),30.00,17.00,24.00
Biolab,Local,Laboratório,Exames clínicos,Ácido metil malônico(soro),400.00,230.00,320.00
Biolab,Local,Laboratório,Exames clínicos,Ácido metilmalônico na urina,410.00,230.00,328.00
Biolab,Local,Laboratório,Exames clínicos,Ácido oxalico (oxalato) u24,70.00,49.00,62.90
Biolab,Local,Laboratório,Exames clínicos,"Acido pirúvico, urina - pku fenilalanina",32.00,22.40,28.00
Biolab,Local,Laboratório,Exames clínicos,Ácido salicílico,120.00,84.00,108.00
Biolab,Local,Laboratório,Exames clínicos,Acido tricloroacetico,20.00,14.00,18.00
Biolab,Local,Laboratório,Exames clínicos,Acido urico,20.00,4.00,16.00
Biolab,Local,Laboratório,Exames clínicos,Acido urico urina de 24,30.00,11.00,24.00
Biolab,Local,Laboratório,Exames clínicos,Acido urico urinário ( amostra isolada ),20.00,11.00,16.00
Biolab,Local,Laboratório,Exames clínicos,Acido úrico(soro),20.00,4.00,16.00
Biolab,Local,Laboratório,Exames clínicos,Acido valpróico,40.00,28.00,36.00
Biolab,Local,Laboratório,Exames clínicos,Acidos biliares - ac-bi,135.00,94.50,122.00
Biolab,Local,Laboratório,Exames clínicos,Acidos graxos livres,72.00,50.40,65.00
Biolab,Local,Laboratório,Exames clínicos,Acidovanilmandélico( vma ),50.00,35.00,45.00
Biolab,Local,Laboratório,Exames clínicos,Adenosina de aminase( ada ),70.00,49.00,63.00
Biolab,Local,Laboratório,Exames clínicos,"Adrenocotricotrófico, hormônio ( acth )",40.00,31.00,38.00
Biolab,Local,Laboratório,Exames clínicos,Aeca - anticorpos anti celulas endoteliais,250.00,175.00,225.00
Biolab,Local,Laboratório,Exames clínicos,Albumina,10.00,5.00,8.00
Biolab,Local,Laboratório,Exames clínicos,Albumina urinária - 24 h,20.00,14.00,18.00
Biolab,Local,Laboratório,Exames clínicos,Aldolase,30.00,16.00,24.00
Biolab,Local,Laboratório,Exames clínicos,Aldosterona,40.00,30.00,37.00
Biolab,Local,Laboratório,Exames clínicos,Alfa 1 - antitripsina,30.00,22.00,27.00
Biolab,Local,Laboratório,Exames clínicos,Alfa 1 - antitripsina - fezes,170.00,119.00,152.00
Biolab,Local,Laboratório,Exames clínicos,Alfa 1 glicoproteina acida,30.00,20.00,25.00
Biolab,Local,Laboratório,Exames clínicos,Alfa feto proteina - afp,30.00,20.00,25.00
Biolab,Local,Laboratório,Exames clínicos,Aluminio,50.00,28.00,40.00
Biolab,Local,Laboratório,Exames clínicos,Aluminio urinário 24h,180.00,126.00,162.00
Biolab,Local,Laboratório,Exames clínicos,Aluminio urinário final jornada,60.00,42.00,54.00
Biolab,Local,Laboratório,Exames clínicos,Aluminio urinário ínicio jornad,50.00,35.00,45.00
Biolab,Local,Laboratório,Exames clínicos,Amilase,10.00,6.00,8.00
Biolab,Local,Laboratório,Exames clínicos,Amilase urinária,15.00,9.00,12.00
Biolab,Local,Laboratório,Exames clínicos,Amônia sangue edta,50.00,35.00,45.00
Biolab,Local,Laboratório,Exames clínicos,Amônia urinária,150.00,105.00,135.00
Biolab,Local,Laboratório,Exames clínicos,Anátomo patológico de biópsia pulmonar - hospital das clínicas,530.00,371.00,475.00
Biolab,Local,Laboratório,Exames clínicos,Anátomo patológico de biópsia pulmonar/pleural,300.00,210.00,270.00
Biolab,Local,Laboratório,Exames clínicos,Anátomo patológico1 fragmento,220.00,154.00,190.00
Biolab,Local,Laboratório,Exames clínicos,Anti cardiolipina iga,70.00,40.00,56.00
Biolab,Local,Laboratório,Exames clínicos,Anti cardiolipina igg,60.00,40.00,50.00
Biolab,Local,Laboratório,Exames clínicos,Anti cardiolipina igm,60.00,40.00,50.00
Biolab,Local,Laboratório,Exames clínicos,Anti ccp (cyclic citrullinated peptide),100.00,65.00,84.00
Biolab,Local,Laboratório,Exames clínicos,Anti endomisio iga,110.00,57.00,88.00
Biolab,Local,Laboratório,Exames clínicos,Anti fator intrinseco,220.00,154.00,197.00
Biolab,Local,Laboratório,Exames clínicos,Anti mpo mieloperoxidase,520.00,364.00,460.00
Biolab,Local,Laboratório,Exames clínicos,Anti pr3,520.00,364.00,460.00
Biolab,Local,Laboratório,Exames clínicos,Anti u1 rnp,40.00,28.00,35.00
Biolab,Local,Laboratório,Exames clínicos,Antibiograma,20.00,2.00,16.00
Biolab,Local,Laboratório,Exames clínicos,Anticorpo anti- gad - gad- ab-antidescarboxilase do ácido,220.00,170.00,210.00
Biolab,Local,Laboratório,Exames clínicos,Anticorpo anti ilhota,160.00,112.00,140.00
Biolab,Local,Laboratório,Exames clínicos,Anticorpo anti insulina,130.00,91.00,115.00
Biolab,Local,Laboratório,Exames clínicos,Anticorpos anti células parienterais,100.00,70.00,85.00
Biolab,Local,Laboratório,Exames clínicos,Anticorpos anti gangliosídeos igg gm1,900.00,630.00,790.00
Biolab,Local,Laboratório,Exames clínicos,Anticorpos anti gangliosídeos igm gm1,900.00,630.00,790.00
Biolab,Local,Laboratório,Exames clínicos,Anti-dna,30.00,21.00,26.00
Biolab,Local,Laboratório,Exames clínicos,Antiescleroderma( scl 70 ),50.00,35.00,45.00
Biolab,Local,Laboratório,Exames clínicos,Antígeno carcinoembriogênico( cea ),30.00,14.00,24.00
Biolab,Local,Laboratório,Exames clínicos,Antigeno do carcinoma de celulas escamosas - scc,330.00,231.00,290.00
Biolab,Local,Laboratório,Exames clínicos,Antigeno solúvel hepatico/figado/pancreas. anticorpo anti anti sla/lp,730.00,511.00,635.00
Biolab,Local,Laboratório,Exames clínicos,Antigliadina( glúten ) - iga,50.00,27.00,40.00
Biolab,Local,Laboratório,Exames clínicos,Antigliadina( glúten ) igg,40.00,27.00,33.00
Biolab,Local,Laboratório,Exames clínicos,Anti-jo1,70.00,43.00,56.00
Biolab,Local,Laboratório,Exames clínicos,Anti-la/ssb,40.00,25.00,32.00
Biolab,Local,Laboratório,Exames clínicos,Anti-lkm-1,60.00,31.00,48.00
Biolab,Local,Laboratório,Exames clínicos,Antimúsculo cardíaco,128.00,89.60,110.00
Biolab,Local,Laboratório,Exames clínicos,Antimúsculo estriado,410.00,287.00,360.00
Biolab,Local,Laboratório,Exames clínicos,Antimúsculo liso - aml,30.00,22.00,27.00
Biolab,Local,Laboratório,Exames clínicos,Antineutrófilos( anca c) e (anca p),100.00,82.00,99.00
Biolab,Local,Laboratório,Exames clínicos,"Anti-peroxidase(anti-tpo), antimicrossomal",30.00,21.00,26.00
Biolab,Local,Laboratório,Exames clínicos,Anti-rnp,40.00,30.00,37.00
Biolab,Local,Laboratório,Exames clínicos,Anti-ro/ssa,30.00,22.00,28.00
Biolab,Local,Laboratório,Exames clínicos,Anti-sm,40.00,23.00,32.00
Biolab,Local,Laboratório,Exames clínicos,Anti-tireoglobulina - aat,40.00,30.00,37.00
Biolab,Local,Laboratório,Exames clínicos,"Antitrombina iii - fator xiii, dosagem, teste funcional",100.00,80.00,97.00
Biolab,Local,Laboratório,Exames clínicos,Apoliproteina a ( apo a ),30.00,22.00,27.00
Biolab,Local,Laboratório,Exames clínicos,Arsênico serico,80.00,56.00,69.00
Biolab,Local,Laboratório,Exames clínicos,Arsênico urinário,90.00,63.00,79.00
Biolab,Local,Laboratório,Exames clínicos,"Aslo, quantitativo",20.00,5.00,16.00
Biolab,Local,Laboratório,Exames clínicos,Ativador tissular de plasminogênio tecidual ( tpa ),1238.00,866.60,1100.00
Biolab,Local,Laboratório,Exames clínicos,"Atividade de febre reumática ( aslo, eletroforese de proteínas, vhs, mucoproteínas e proteína “c” reativa )",100.00,70.00,90.00
Biolab,Local,Laboratório,Exames clínicos,Autoanticorpo anti-proteína p ribossomal,355.00,248.50,300.00
Biolab,Local,Laboratório,Exames clínicos,"Azida sódica, ácido 2 - tio - tiazolidina (para deissulfeto de carbono) - urina",195.00,136.50,180.00
Biolab,Local,Laboratório,Exames clínicos,B.a.a.r ( ziehl ) 1ª amostra,47.00,25.00,37.60
Biolab,Local,Laboratório,Exames clínicos,B.a.a.r ( ziehl ) 2ª amostra,47.00,25.00,37.60
Biolab,Local,Laboratório,Exames clínicos,B.a.a.r ( ziehl ) 3ª amostra,47.00,25.00,37.60
Biolab,Local,Laboratório,Exames clínicos,B.a.a.r cultura/micobactérias,80.00,35.00,64.00
Biolab,Local,Laboratório,Exames clínicos,Baciloscopia líquidos,25.00,17.50,24.00
Biolab,Local,Laboratório,Exames clínicos,Baciloscopia para hanseniase,80.00,56.00,70.00
Biolab,Local,Laboratório,Exames clínicos,Bacterioscopia( gram) por lâmina,38.00,22.00,30.40
Biolab,Local,Laboratório,Exames clínicos,Beta – 2- microglobulina,65.00,40.00,52.00
Biolab,Local,Laboratório,Exames clínicos,Beta – 2- microglobulina urina,40.00,28.00,35.00
Biolab,Local,Laboratório,Exames clínicos,Beta 2 glicoproteina iga,250.00,170.00,230.00
Biolab,Local,Laboratório,Exames clínicos,Beta -2- glicoproteína igg e igm,250.00,100.00,200.00
Biolab,Local,Laboratório,Exames clínicos,Beta hcg-hormônio gonodotrofico coriônico qualitativo,30.00,16.00,24.00
Biolab,Local,Laboratório,Exames clínicos,Beta hcg-hormônio gonodotrofico coriônico quantitativo,42.00,26.00,33.60
Biolab,Local,Laboratório,Exames clínicos,Betacaroteno,130.00,91.00,115.00
Biolab,Local,Laboratório,Exames clínicos,Beta-glicuronidase,390.00,273.00,345.00
Biolab,Local,Laboratório,Exames clínicos,Bicarbonato,47.00,20.00,37.60
Biolab,Local,Laboratório,Exames clínicos,"Bilirrubinas ( direta, indireta e total )",20.00,5.00,16.00
Biolab,Local,Laboratório,Exames clínicos,Blastomicose/paracoco,250.00,175.00,224.00
Biolab,Local,Laboratório,Exames clínicos,Brucelose igg,100.00,80.00,96.00
Biolab,Local,Laboratório,Exames clínicos,Brucelose igm,100.00,80.00,96.00
Biolab,Local,Laboratório,Exames clínicos,Ca 15-3,40.00,32.00,39.00
Biolab,Local,Laboratório,Exames clínicos,Ca-125,40.00,21.00,32.00
Biolab,Local,Laboratório,Exames clínicos,Ca19-9,40.00,26.00,33.00
Biolab,Local,Laboratório,Exames clínicos,Ca72-4,80.00,48.00,64.00
Biolab,Local,Laboratório,Exames clínicos,Cadmio sanguineo,80.00,56.00,70.00
Biolab,Local,Laboratório,Exames clínicos,Cadmio urinario,50.00,35.00,43.00
Biolab,Local,Laboratório,Exames clínicos,Calcio,10.00,5.00,8.00
Biolab,Local,Laboratório,Exames clínicos,Calcio ionico,10.00,7.00,9.00
Biolab,Local,Laboratório,Exames clínicos,Cálcio urina de 24h,20.00,11.00,16.00
Biolab,Local,Laboratório,Exames clínicos,Cálcio urinário amostra isolada,15.00,11.00,14.00
Biolab,Local,Laboratório,Exames clínicos,Calcitonina,50.00,35.00,43.00
Biolab,Local,Laboratório,Exames clínicos,Candida anticorpo igg,150.00,105.00,130.00
Biolab,Local,Laboratório,Exames clínicos,Candida anticorpo igm,150.00,105.00,130.00
Biolab,Local,Laboratório,Exames clínicos,Capacidade de ligação de ferro tibc,20.00,10.00,16.00
Biolab,Local,Laboratório,Exames clínicos,Captura hibrida para chlamydia,300.00,210.00,260.00
Biolab,Local,Laboratório,Exames clínicos,Captura hibrida para gonococcus,300.00,210.00,260.00
Biolab,Local,Laboratório,Exames clínicos,Captura hibrida para hpv - grupo b,300.00,210.00,260.00
Biolab,Local,Laboratório,Exames clínicos,Captura hibrida para hpv (a + b),420.00,294.00,375.00
Biolab,Local,Laboratório,Exames clínicos,Captura hibrida para hpv-grupo a,300.00,210.00,268.00
Biolab,Local,Laboratório,Exames clínicos,Carbamazepina,70.00,35.00,56.00
Biolab,Local,Laboratório,Exames clínicos,Carboxihemoglobina (para monóxido de carbono diclorometano),47.00,18.00,37.60
Biolab,Local,Laboratório,Exames clínicos,Catecolaminas,200.00,140.00,175.00
Biolab,Local,Laboratório,Exames clínicos,Catecolaminas livres,120.00,84.00,108.00
Biolab,Local,Laboratório,Exames clínicos,Catecolaminas urinarias,150.00,105.00,135.00
Biolab,Local,Laboratório,Exames clínicos,Catecolaminas urinarias 24h,120.00,84.00,108.00
Biolab,Local,Laboratório,Exames clínicos,Caxumba igm,40.00,28.00,34.00
Biolab,Local,Laboratório,Exames clínicos,"Caxumba, igg",40.00,28.00,34.00
Biolab,Local,Laboratório,Exames clínicos,Cd19,140.00,98.00,125.00
Biolab,Local,Laboratório,Exames clínicos,Cd3,140.00,98.00,125.00
Biolab,Local,Laboratório,Exames clínicos,Cd4,110.00,77.00,98.00
Biolab,Local,Laboratório,Exames clínicos,Cd4 e cd8 + cd3 subpopulacao linfocitaria (t4/t8),140.00,98.00,125.00
Biolab,Local,Laboratório,Exames clínicos,Cd8,100.00,70.00,90.00
Biolab,Local,Laboratório,Exames clínicos,Centromero,90.00,45.00,72.00
Biolab,Local,Laboratório,Exames clínicos,Ceruloplasmina,30.00,23.00,28.00
Biolab,Local,Laboratório,Exames clínicos,Chagas - hemoaglutinação (há),60.00,42.00,54.00
Biolab,Local,Laboratório,Exames clínicos,Chikungunya igg e igm - anticorpos anti,270.00,250.00,0.00
Biolab,Local,Laboratório,Exames clínicos,Chlamydia pneumococo igg,70.00,49.00,63.00
Biolab,Local,Laboratório,Exames clínicos,Chlamydia pneumococo igm,90.00,63.00,78.00
Biolab,Local,Laboratório,Exames clínicos,Chlamydia psittaci – igg,90.00,63.00,78.00
Biolab,Local,Laboratório,Exames clínicos,Chlamydia tracomatis – igg,60.00,42.00,54.00
Biolab,Local,Laboratório,Exames clínicos,Chlamydia tracomatis- igm,60.00,42.00,54.00
Biolab,Local,Laboratório,Exames clínicos,Chumbo sanguinio,40.00,22.00,32.00
Biolab,Local,Laboratório,Exames clínicos,Chumbo urinário,40.00,22.00,32.00
Biolab,Local,Laboratório,Exames clínicos,"Ciclosporina, dosagem",80.00,56.00,70.00
Biolab,Local,Laboratório,Exames clínicos,Cistatina c,200.00,140.00,180.00
Biolab,Local,Laboratório,Exames clínicos,Cisticercose igg,60.00,42.00,54.00
Biolab,Local,Laboratório,Exames clínicos,Citologia - liquido cefaloraquidiano (lcr),120.00,84.00,108.00
Biolab,Local,Laboratório,Exames clínicos,Citologia - liquido pleural,120.00,84.00,108.00
Biolab,Local,Laboratório,Exames clínicos,Citologia com diferencial,80.00,56.00,70.00
Biolab,Local,Laboratório,Exames clínicos,Citologia oncotica papanicolau,150.00,30.00,120.00
Biolab,Local,Laboratório,Exames clínicos,Citomegalovirus igg,30.00,16.00,24.00
Biolab,Local,Laboratório,Exames clínicos,Citomegalovírus igg - avidez,120.00,84.00,108.00
Biolab,Local,Laboratório,Exames clínicos,Citomegalovirus igm,30.00,17.00,24.00
Biolab,Local,Laboratório,Exames clínicos,"Citomegalovirus qualitativo, por pcr",330.00,231.00,296.00
Biolab,Local,Laboratório,Exames clínicos,"Citomegalovirus quantitativo, por pcr",410.00,287.00,368.00
Biolab,Local,Laboratório,Exames clínicos,Citrato urina de 24h,40.00,31.50,38.00
Biolab,Local,Laboratório,Exames clínicos,Citrato urinário,30.00,22.00,27.00
Biolab,Local,Laboratório,Exames clínicos,Ck - mb creatinoquinase,35.00,17.00,28.00
Biolab,Local,Laboratório,Exames clínicos,Clearence de creatinina,20.00,12.00,16.00
Biolab,Local,Laboratório,Exames clínicos,Clearence de ureia urinaria,30.00,21.00,27.00
Biolab,Local,Laboratório,Exames clínicos,Clobazam,400.00,280.00,360.00
Biolab,Local,Laboratório,Exames clínicos,Cloro urinário (amostra isolada),10.00,4.00,8.00
Biolab,Local,Laboratório,Exames clínicos,Cloro urinário (amostra urina 24h),20.00,4.00,16.00
Biolab,Local,Laboratório,Exames clínicos,Clostridium difficile - pesquisa da toxina a e b,180.00,126.00,160.00
Biolab,Local,Laboratório,Exames clínicos,"Coagulograma( ts, tc, contagem de plaquetas, tempo de protrombina, tempo de tromboplastina, parcial ativado)",80.00,15.00,64.00
Biolab,Local,Laboratório,Exames clínicos,Cobre,30.00,25.00,30.00
Biolab,Local,Laboratório,Exames clínicos,Cobre urinario,45.00,30.00,36.00
Biolab,Local,Laboratório,Exames clínicos,Cofator de ristocetina/fator de von willerbrand,490.00,343.00,437.00
Biolab,Local,Laboratório,Exames clínicos,Colesterol ( hdl ),10.00,7.00,10.00
Biolab,Local,Laboratório,Exames clínicos,Colesterol ( ldl ),20.00,6.00,16.00
Biolab,Local,Laboratório,Exames clínicos,Colesterol ( vldl ),10.00,6.00,8.00
Biolab,Local,Laboratório,Exames clínicos,Colesterol liquidos,20.00,14.00,17.00
Biolab,Local,Laboratório,Exames clínicos,Colesterol total,10.00,6.00,8.00
Biolab,Local,Laboratório,Exames clínicos,Colinestarase (para carbamatosorganofosforados),30.00,12.00,24.00
Biolab,Local,Laboratório,Exames clínicos,Colinesterase eritrocitária acetil,100.00,70.00,90.00
Biolab,Local,Laboratório,Exames clínicos,Complemento c1q,150.00,105.00,130.00
Biolab,Local,Laboratório,Exames clínicos,Complemento c2,160.00,112.00,135.00
Biolab,Local,Laboratório,Exames clínicos,Complemento c3 -cc3,30.00,18.00,24.00
Biolab,Local,Laboratório,Exames clínicos,Complemento c4 - cc4,30.00,18.00,24.00
Biolab,Local,Laboratório,Exames clínicos,Complemento c5,140.00,98.00,120.00
Biolab,Local,Laboratório,Exames clínicos,Complemento ch100,60.00,42.00,54.00
Biolab,Local,Laboratório,Exames clínicos,Coombs direto,10.00,5.00,8.00
Biolab,Local,Laboratório,Exames clínicos,Coombs indireto,20.00,7.00,16.00
Biolab,Local,Laboratório,Exames clínicos,Coprocultura,50.00,29.00,40.00
Biolab,Local,Laboratório,Exames clínicos,Coproporfirinas (para chumbo inorgânico) fezes,70.00,49.00,60.00
Biolab,Local,Laboratório,Exames clínicos,Cortisol - basal (8h da manhã),40.00,20.00,32.00
Biolab,Local,Laboratório,Exames clínicos,Cortisol às 16:00h,30.00,20.00,24.00
Biolab,Local,Laboratório,Exames clínicos,Cortisol livre(urinário),40.00,20.00,32.00
Biolab,Local,Laboratório,Exames clínicos,Cortisol salivar,50.00,20.00,40.00
Biolab,Local,Laboratório,Exames clínicos,Covid 19 pesquisa de antigenos,130.00,30.00,104.00
Biolab,Local,Laboratório,Exames clínicos,Covid por rt-pcr,190.00,133.00,165.00
Biolab,Local,Laboratório,Exames clínicos,Covid sorologia qualitativa,130.00,91.00,115.00
Biolab,Local,Laboratório,Exames clínicos,Covid sorologia quantitativa,180.00,126.00,160.00
Biolab,Local,Laboratório,Exames clínicos,Creatinina,10.00,3.50,8.00
Biolab,Local,Laboratório,Exames clínicos,Creatinina urinaria (24h),10.00,8.00,10.00
Biolab,Local,Laboratório,Exames clínicos,Creatinina urinaria amostra isolada,10.00,8.00,10.00
Biolab,Local,Laboratório,Exames clínicos,Creatinofosfoquinase- atividade - cpk,20.00,6.00,16.00
Biolab,Local,Laboratório,Exames clínicos,Creatinofosfoquinase- fração mb- massa,26.00,18.20,22.00
Biolab,Local,Laboratório,Exames clínicos,Creatinofosfoquinase total ( cpk ),20.00,8.00,16.00
Biolab,Local,Laboratório,Exames clínicos,"Crescimento, hormônio do ( hgh )",40.00,31.50,38.00
Biolab,Local,Laboratório,Exames clínicos,Crioaglutinina,30.00,17.00,24.00
Biolab,Local,Laboratório,Exames clínicos,Crioglobulinas,30.00,25.00,30.00
Biolab,Local,Laboratório,Exames clínicos,Cromo,40.00,27.00,35.00
Biolab,Local,Laboratório,Exames clínicos,Cromograma a ( secretogranina i),550.00,385.00,490.00
Biolab,Local,Laboratório,Exames clínicos,Cultura de bacterias p/identificação,70.00,27.00,56.00
Biolab,Local,Laboratório,Exames clínicos,Cultura de urina- com contagem de colônias,42.00,32.00,39.00
Biolab,Local,Laboratório,Exames clínicos,Cultura de urina com tsa,30.00,23.00,28.00
Biolab,Local,Laboratório,Exames clínicos,Cultura geral líquidos,55.00,38.50,48.00
Biolab,Local,Laboratório,Exames clínicos,Cultura para fungos,50.00,30.00,40.00
Biolab,Local,Laboratório,Exames clínicos,Cultura para micobactérias,100.00,70.00,90.00
Biolab,Local,Laboratório,Exames clínicos,Cultura seletiva para streptococcus grupo b,80.00,56.00,70.00
Biolab,Local,Laboratório,Exames clínicos,"Cultura, micobactérias",100.00,70.00,87.00
Biolab,Local,Laboratório,Exames clínicos,"Cultura, micoplasma",64.00,44.80,55.00
Biolab,Local,Laboratório,Exames clínicos,"Cultura, neisseria",64.00,44.80,55.00
Biolab,Local,Laboratório,Exames clínicos,"Cultura, ureaplasma",64.00,44.80,55.00
Biolab,Local,Laboratório,Exames clínicos,Curva glicemica 120 min - 4 dosagens,40.00,28.00,36.00
Biolab,Local,Laboratório,Exames clínicos,Curva glicemica 180 min - 5 dosagens,50.00,35.00,45.00
Biolab,Local,Laboratório,Exames clínicos,Curva glicemica 240 min - 6 dosagens,60.00,42.00,52.00
Biolab,Local,Laboratório,Exames clínicos,Curva glicemica 30 min- 1 dosagem,10.00,7.00,9.00
Biolab,Local,Laboratório,Exames clínicos,Curva glicemica 60 min - 2 dosagens,20.00,14.00,17.00
Biolab,Local,Laboratório,Exames clínicos,Curva glicemica 90 min - 3 dosagens,30.00,15.00,24.00
Biolab,Local,Laboratório,Exames clínicos,D dimero,150.00,102.00,130.00
Biolab,Local,Laboratório,Exames clínicos,Dehidroepiandrosterona( dhea ),40.00,20.00,32.00
Biolab,Local,Laboratório,Exames clínicos,Dehidrotestosterona( dht ),90.00,14.00,72.00
Biolab,Local,Laboratório,Exames clínicos,Dengue - ns1,50.00,40.00,48.00
Biolab,Local,Laboratório,Exames clínicos,Dengue- igg/igm,50.00,40.00,48.00
Biolab,Local,Laboratório,Exames clínicos,Desidrogenase láctica,20.00,6.00,16.00
Biolab,Local,Laboratório,Exames clínicos,Desidrogenase láctica líquidos (ldh),20.00,6.00,16.00
Biolab,Local,Laboratório,Exames clínicos,Disbiose - indican,30.00,21.00,26.00
Biolab,Local,Laboratório,Exames clínicos,Dismorfismo eritrocitario,20.00,14.00,17.00
Biolab,Local,Laboratório,Exames clínicos,Dna dou ou trio,450.00,315.00,405.00
Biolab,Local,Laboratório,Exames clínicos,"Dst doença sexualmente transmissivéis, pcr",350.00,245.00,300.00
Biolab,Local,Laboratório,Exames clínicos,Elastase pancreatica fecal,300.00,210.00,270.00
Biolab,Local,Laboratório,Exames clínicos,Eletroforese de hemoglobina ou hplc,30.00,28.00,40.00
Biolab,Local,Laboratório,Exames clínicos,Eletroforese de proteínas,30.00,17.00,24.00
Biolab,Local,Laboratório,Exames clínicos,Enolase,210.00,150.00,190.00
Biolab,Local,Laboratório,Exames clínicos,Eritrograma,10.00,5.00,8.00
Biolab,Local,Laboratório,Exames clínicos,Erros inatos do metabolismo triagem expandida,330.00,231.00,295.00
Biolab,Local,Laboratório,Exames clínicos,Espermocultura,110.00,77.00,97.00
Biolab,Local,Laboratório,Exames clínicos,Estradiol e2,30.00,13.00,24.00
Biolab,Local,Laboratório,Exames clínicos,Estriol e3 (sangue),30.00,13.00,24.00
Biolab,Local,Laboratório,Exames clínicos,Estrogênios totais ( fenolesteróides ) - e1+e2+e3,90.00,63.00,79.00
Biolab,Local,Laboratório,Exames clínicos,Estrona e1,30.00,16.00,24.00
Biolab,Local,Laboratório,Exames clínicos,"Falcização, teste de",20.00,14.00,18.00
Biolab,Local,Laboratório,Exames clínicos,"Fator antinuclear, ( fan )",30.00,17.00,24.00
Biolab,Local,Laboratório,Exames clínicos,Fator ii da coagulação,350.00,245.00,312.00
Biolab,Local,Laboratório,Exames clínicos,"Fator ix, dosagem",150.00,105.00,135.00
Biolab,Local,Laboratório,Exames clínicos,"Fator reumatoide, quantitativo",20.00,9.00,16.00
Biolab,Local,Laboratório,Exames clínicos,Fator rh,10.00,3.00,8.00
Biolab,Local,Laboratório,Exames clínicos,Fator v de leiden,250.00,200.00,245.00
Biolab,Local,Laboratório,Exames clínicos,"Fator v, dosagem",250.00,150.00,200.00
Biolab,Local,Laboratório,Exames clínicos,Fator vii,130.00,65.00,104.00
Biolab,Local,Laboratório,Exames clínicos,"Fator viii, dosagem",110.00,77.00,97.00
Biolab,Local,Laboratório,Exames clínicos,"Fator viii, dosagem do inibidor",1550.00,1085.00,1395.00
Biolab,Local,Laboratório,Exames clínicos,"Fator x, dosagem",190.00,133.00,170.00
Biolab,Local,Laboratório,Exames clínicos,"Fator xi, dosagem",210.00,150.00,192.00
Biolab,Local,Laboratório,Exames clínicos,"Fator xii, dosagem",190.00,133.00,170.00
Biolab,Local,Laboratório,Exames clínicos,Fator xiii,250.00,150.00,200.00
Biolab,Local,Laboratório,Exames clínicos,Fenobarbital,30.00,24.00,29.00
Biolab,Local,Laboratório,Exames clínicos,Ferritina,30.00,19.00,24.00
Biolab,Local,Laboratório,Exames clínicos,Ferro serico,20.00,10.00,16.00
Biolab,Local,Laboratório,Exames clínicos,"Fibrinogênio, dosagem",30.00,20.00,24.00
Biolab,Local,Laboratório,Exames clínicos,Fosfatase ácida fração prostática,20.00,13.00,16.00
Biolab,Local,Laboratório,Exames clínicos,Fosfatase acida total,18.00,11.00,14.40
Biolab,Local,Laboratório,Exames clínicos,Fosfatase alcalina,10.00,5.00,8.00
Biolab,Local,Laboratório,Exames clínicos,Fosfatidil serina igg/igm/iga,600.00,420.00,540.00
Biolab,Local,Laboratório,Exames clínicos,Fosfolipídeos,50.00,28.00,40.00
Biolab,Local,Laboratório,Exames clínicos,Fosforo,20.00,5.00,16.00
Biolab,Local,Laboratório,Exames clínicos,Fosforo urinario 24 h,20.00,9.00,16.00
Biolab,Local,Laboratório,Exames clínicos,Frutosamina,30.00,15.00,24.00
Biolab,Local,Laboratório,Exames clínicos,Fsh - hormonio folículo estimulante,30.00,14.00,24.00
Biolab,Local,Laboratório,Exames clínicos,Fta-abs igg,20.00,15.00,18.00
Biolab,Local,Laboratório,Exames clínicos,Fta-abs igm,30.00,16.00,24.00
Biolab,Local,Laboratório,Exames clínicos,Fungos - pesquisa,35.00,25.00,32.00
Biolab,Local,Laboratório,Exames clínicos,Galactomanana,490.00,343.00,440.00
Biolab,Local,Laboratório,Exames clínicos,Gama-glutamiltransferase,20.00,6.00,16.00
Biolab,Local,Laboratório,Exames clínicos,Gastrina,101.00,70.70,89.00
Biolab,Local,Laboratório,Exames clínicos,Glicemia após sobrecarga com dextrosol ou glicose,20.00,14.00,18.00
Biolab,Local,Laboratório,Exames clínicos,Glicemia pós prandial,10.00,4.00,8.00
Biolab,Local,Laboratório,Exames clínicos,Glicose pós almoço,10.00,4.00,8.00
Biolab,Local,Laboratório,Exames clínicos,Glicose pós café,10.00,4.00,8.00
Biolab,Local,Laboratório,Exames clínicos,Glicose pos jantar,10.00,4.00,8.00
Biolab,Local,Laboratório,Exames clínicos,Glicose urinária (24h),15.00,10.50,13.00
Biolab,Local,Laboratório,Exames clínicos,Glicose/glicemia de jejum,10.00,4.00,8.00
Biolab,Local,Laboratório,Exames clínicos,Glicose-6-fosfato deidrogenase ( g6pd ),30.00,21.00,27.00
Biolab,Local,Laboratório,Exames clínicos,Globulina de ligação de hormônios sexuais ( shbg ),87.00,24.00,69.60
Biolab,Local,Laboratório,Exames clínicos,Globulina transportadora da tiroxina ( tbg ),60.00,42.00,53.00
Biolab,Local,Laboratório,Exames clínicos,"Gordura fecal, pesquisa (ácido graxos)",40.00,28.00,35.00
Biolab,Local,Laboratório,Exames clínicos,Grupo sanguíneo abo,10.00,3.00,8.00
Biolab,Local,Laboratório,Exames clínicos,"Grupo sanguíneo abo, e fator rho( inclui du )",10.00,5.00,8.00
Biolab,Local,Laboratório,Exames clínicos,H pylori - fecal,500.00,350.00,446.00
Biolab,Local,Laboratório,Exames clínicos,Haptoglobina,30.00,18.00,24.00
Biolab,Local,Laboratório,Exames clínicos,Helicobacter pylori igm,70.00,49.00,62.00
Biolab,Local,Laboratório,Exames clínicos,Helicobacterpylori – iga,204.00,150.00,190.00
Biolab,Local,Laboratório,Exames clínicos,Helicobacterpylori – igg,78.00,54.60,68.00
Biolab,Local,Laboratório,Exames clínicos,Hematocrito,10.00,5.00,8.00
Biolab,Local,Laboratório,Exames clínicos,Hemocultura (fungos),80.00,50.00,64.00
Biolab,Local,Laboratório,Exames clínicos,Hemocultura 1°amostra,80.00,50.00,64.00
Biolab,Local,Laboratório,Exames clínicos,Hemocultura 2°amostra,80.00,50.00,64.00
Biolab,Local,Laboratório,Exames clínicos,Hemocultura 3°amostra,80.00,50.00,64.00
Biolab,Local,Laboratório,Exames clínicos,Hemoglobina,10.00,5.00,8.00
Biolab,Local,Laboratório,Exames clínicos,Hemoglobina glicada( a1 total ),20.00,15.00,18.00
Biolab,Local,Laboratório,Exames clínicos,Hemoglobina glicada( fração a1c ),20.00,15.00,18.00
Biolab,Local,Laboratório,Exames clínicos,"Hemograma com contagem de plaquetas ou frações ( eritrograma, leucograma, plaquetas )",20.00,9.00,18.00
Biolab,Local,Laboratório,Exames clínicos,Hepatite a – hav – igg,30.00,21.00,27.00
Biolab,Local,Laboratório,Exames clínicos,Hepatite a – hav – igm,30.00,21.00,27.00
Biolab,Local,Laboratório,Exames clínicos,Hepatite a - hav total,30.00,21.00,27.00
Biolab,Local,Laboratório,Exames clínicos,Hepatite b - anti-hbe,30.00,26.00,0.00
Biolab,Local,Laboratório,Exames clínicos,Hepatite b – anti-hbs ( anti-antígeno de superfície ),25.00,19.00,28.00
Biolab,Local,Laboratório,Exames clínicos,Hepatite b – hbc igg – igg( anti core igg ou acoreg ),30.00,16.00,24.00
Biolab,Local,Laboratório,Exames clínicos,Hepatite b – hbc igm( anti core igm ou acorem ),30.00,23.00,28.00
Biolab,Local,Laboratório,Exames clínicos,Hepatite b – hbc total,30.00,16.00,24.00
Biolab,Local,Laboratório,Exames clínicos,Hepatite b – hbeag( antígeno e ),30.00,24.00,29.00
Biolab,Local,Laboratório,Exames clínicos,Herpes i e ii igg,40.00,26.00,32.00
Biolab,Local,Laboratório,Exames clínicos,Herpes i e ii igm,40.00,26.00,32.00
Biolab,Local,Laboratório,Exames clínicos,Herpes simples - igg,80.00,55.00,70.00
Biolab,Local,Laboratório,Exames clínicos,Herpes simples - igm,80.00,55.00,70.00
Biolab,Local,Laboratório,Exames clínicos,Herpes simples tipo 2 – detecção por pcr,300.00,210.00,265.00
Biolab,Local,Laboratório,Exames clínicos,Herpes simples tipo 2 – igg,65.00,45.50,58.00
Biolab,Local,Laboratório,Exames clínicos,Hgh- hormonio do crescimento após estimulo clonidina 0' 60' 90' 120',160.00,23.00,128.00
Biolab,Local,Laboratório,Exames clínicos,Hiv – carga viral pcr quantitativo,800.00,560.00,705.00
Biolab,Local,Laboratório,Exames clínicos,"Hiv1 ou hiv2, pesquisa de anticorpos -",35.00,16.00,28.00
Biolab,Local,Laboratório,Exames clínicos,Hla b27,190.00,120.00,152.00
Biolab,Local,Laboratório,Exames clínicos,Hla dq2 dq8 doenca celiaca,810.00,567.00,730.00
Biolab,Local,Laboratório,Exames clínicos,Hormônio luteinizante ( lh ),30.00,15.00,24.00
Biolab,Local,Laboratório,Exames clínicos,Htlv1 ou htlv2 pesquisa de anticorpos ( cada ),80.00,35.00,64.00
Biolab,Local,Laboratório,Exames clínicos,Iga,40.00,33.00,40.00
Biolab,Local,Laboratório,Exames clínicos,Igd,62.00,43.40,54.00
Biolab,Local,Laboratório,Exames clínicos,Ige componente f76 - leite - alfa lactoalbumina,50.00,26.00,40.00
Biolab,Local,Laboratório,Exames clínicos,Ige componente f77 - leite - beta-lactoglobulina,50.00,26.00,40.00
Biolab,Local,Laboratório,Exames clínicos,Ige componente f78 - leite - caseina,50.00,26.00,40.00
Biolab,Local,Laboratório,Exames clínicos,Ige especifico - azitromicina,300.00,210.00,270.00
Biolab,Local,Laboratório,Exames clínicos,Ige especifico ( d1) - acaros - d. pteronyssinus,50.00,26.00,40.00
Biolab,Local,Laboratório,Exames clínicos,Ige especifico ( d73) - acaros - glycyphagus domesticu,50.00,26.00,40.00
Biolab,Local,Laboratório,Exames clínicos,Ige especifico (c1) - penicilina g,180.00,126.00,160.00
Biolab,Local,Laboratório,Exames clínicos,Ige especifico (c201) - cefalosporina,180.00,126.00,160.00
Biolab,Local,Laboratório,Exames clínicos,Ige especifico (c209) - paracetamol,120.00,26.00,96.00
Biolab,Local,Laboratório,Exames clínicos,Ige especifico (c294) - dipirona/metamizol,300.00,210.00,260.00
Biolab,Local,Laboratório,Exames clínicos,Ige especifico (c6) - amoxicilina,50.00,35.00,45.00
Biolab,Local,Laboratório,Exames clínicos,Ige especifico (c89) - bupivacaina,101.00,26.00,80.80
Biolab,Local,Laboratório,Exames clínicos,Ige especifico (d201) - acaros - biomia tropicalis,50.00,26.00,40.00
Biolab,Local,Laboratório,Exames clínicos,Ige especifico (e1) - epitelios - pêlo e caspa de gato,50.00,21.00,40.00
Biolab,Local,Laboratório,Exames clínicos,Ige especifico (e171) - picada de mosquito,50.00,35.00,45.00
Biolab,Local,Laboratório,Exames clínicos,Ige especifico (e5) - epitelios - caspa de cão,50.00,26.00,40.00
Biolab,Local,Laboratório,Exames clínicos,Ige especifico (e85) - pena de galinha,50.00,26.00,40.00
Biolab,Local,Laboratório,Exames clínicos,Ige especifico (f10) - alimentos -,50.00,35.00,45.00
Biolab,Local,Laboratório,Exames clínicos,Ige especifico (f105) - alimentos - chocolate,50.00,26.00,40.00
Biolab,Local,Laboratório,Exames clínicos,Ige especifico (f11) - alimentos - trigo sarraceno,50.00,26.00,40.00
Biolab,Local,Laboratório,Exames clínicos,Ige especifico (f12) - alimentos - ervilha,50.00,26.00,40.00
Biolab,Local,Laboratório,Exames clínicos,Ige especifico (f14) - alimentos - grão de soja,50.00,26.00,40.00
Biolab,Local,Laboratório,Exames clínicos,Ige especifico (f15) - alimentos - feijão,50.00,26.00,40.00
Biolab,Local,Laboratório,Exames clínicos,Ige especifico (f17) - alimentos - avelã,50.00,35.00,45.00
Biolab,Local,Laboratório,Exames clínicos,Ige especifico (f18) - alimentos - castanha do pará,50.00,26.00,40.00
Biolab,Local,Laboratório,Exames clínicos,Ige especifico (f20) - alimentos - amendoa,50.00,35.00,45.00
Biolab,Local,Laboratório,Exames clínicos,Ige especifico (f202) - alimentos - castanha e caju,50.00,26.00,40.00
Biolab,Local,Laboratório,Exames clínicos,Ige especifico (f210) - alimentos - abacaxi,50.00,26.00,40.00
Biolab,Local,Laboratório,Exames clínicos,Ige especifico (f245) - alimentos - ovo,50.00,26.00,40.00
Biolab,Local,Laboratório,Exames clínicos,Ige especifico (f25) - alimentos - tomate,50.00,26.00,40.00
Biolab,Local,Laboratório,Exames clínicos,Ige especifico (f26) - alimentos - carne de porco,50.00,26.00,40.00
Biolab,Local,Laboratório,Exames clínicos,Ige especifico (f3) - alimentos - carne bovina,50.00,26.00,40.00
Biolab,Local,Laboratório,Exames clínicos,Ige especifico (f3) - alimentos - peixe- bacalhau,50.00,26.00,40.00
Biolab,Local,Laboratório,Exames clínicos,Ige especifico (f308) - alimentos - sardinha,50.00,26.00,40.00
Biolab,Local,Laboratório,Exames clínicos,Ige especifico (f340) - alimentos - aditivos- vermelho carmin,50.00,26.00,40.00
Biolab,Local,Laboratório,Exames clínicos,Ige especifico (f36) - alimentos - côco,50.00,26.00,40.00
Biolab,Local,Laboratório,Exames clínicos,Ige especifico (f4) - alimentos - batata,40.00,26.00,32.00
Biolab,Local,Laboratório,Exames clínicos,Ige especifico (f41) - alimentos - salmão,50.00,26.00,40.00
Biolab,Local,Laboratório,Exames clínicos,Ige especifico (f44) - morango,50.00,23.00,40.00
Biolab,Local,Laboratório,Exames clínicos,Ige especifico (f49) - alimentos - maçã,50.00,34.00,45.00
Biolab,Local,Laboratório,Exames clínicos,Ige especifico (f5) - alimentos - centeio,40.00,26.00,32.00
Biolab,Local,Laboratório,Exames clínicos,Ige especifico (f7) - alimentos - aveia,50.00,26.00,40.00
Biolab,Local,Laboratório,Exames clínicos,Ige especifico (f76) - alimentos - cevada,50.00,26.00,40.00
Biolab,Local,Laboratório,Exames clínicos,Ige especifico (f8) - alimentos - milho,50.00,26.00,40.00
Biolab,Local,Laboratório,Exames clínicos,Ige especifico (f92) - alimentos - banana,50.00,34.00,45.00
Biolab,Local,Laboratório,Exames clínicos,Ige especifico (f93) - alimentos - cacau,50.00,34.00,45.00
Biolab,Local,Laboratório,Exames clínicos,Ige especifico (f96) - alimentos - abacate,50.00,26.00,40.00
Biolab,Local,Laboratório,Exames clínicos,Ige especifico (i 1) - veneno - abelha,50.00,26.00,40.00
Biolab,Local,Laboratório,Exames clínicos,Ige especifico (i 6) - insetos - barata,50.00,26.00,40.00
Biolab,Local,Laboratório,Exames clínicos,Ige especifico (i 70) - insetos - formiga lava pé,45.00,26.00,36.00
Biolab,Local,Laboratório,Exames clínicos,Ige especifico (i 71) - insetos - pernilongo,50.00,26.00,40.00
Biolab,Local,Laboratório,Exames clínicos,Ige especifico (k70) - ocupacionais - grão de café,50.00,26.00,40.00
Biolab,Local,Laboratório,Exames clínicos,Ige especifico (k82) - ocupacionais - latex,50.00,26.00,40.00
Biolab,Local,Laboratório,Exames clínicos,Ige especifico (m207) - fungos - aspergilus niger,50.00,35.00,45.00
Biolab,Local,Laboratório,Exames clínicos,Ige especifico (m3) - fungos - aspergilus fumigatos,50.00,26.00,40.00
Biolab,Local,Laboratório,Exames clínicos,Ige especifico (o1) - miscelânia - algodão,50.00,26.00,40.00
Biolab,Local,Laboratório,Exames clínicos,Ige especifico (t3) - pólens de algodão - bétula,50.00,35.00,45.00
Biolab,Local,Laboratório,Exames clínicos,Ige especifico d2 - acaros - acaro domest farinae,50.00,26.00,40.00
Biolab,Local,Laboratório,Exames clínicos,Ige especifico f1 - alimentos clara de ovo,50.00,26.00,40.00
Biolab,Local,Laboratório,Exames clínicos,Ige especifico f13 - alimentos - amendoim,50.00,26.00,40.00
Biolab,Local,Laboratório,Exames clínicos,Ige especifico f14 - alimentos - soja,50.00,26.00,40.00
Biolab,Local,Laboratório,Exames clínicos,Ige especifico f24 - alimentos - camarão,50.00,26.00,40.00
Biolab,Local,Laboratório,Exames clínicos,Ige especifico f4 - alimentos - trigo,40.00,26.00,32.00
Biolab,Local,Laboratório,Exames clínicos,Ige especifico f75 - alimentos - gema de ovo,50.00,26.00,40.00
Biolab,Local,Laboratório,Exames clínicos,Ige especifico f79 - alimentos - gluten,50.00,26.00,40.00
Biolab,Local,Laboratório,Exames clínicos,Ige especifico g15 - gramineas - trigo,50.00,26.00,40.00
Biolab,Local,Laboratório,Exames clínicos,Ige multiplo (mx1) - fungos e leveduras,50.00,26.00,40.00
Biolab,Local,Laboratório,Exames clínicos,Ige painel (fx1) - alimentos 1,50.00,26.00,40.00
Biolab,Local,Laboratório,Exames clínicos,Ige painel (fx10) - alimentos 10,50.00,26.00,40.00
Biolab,Local,Laboratório,Exames clínicos,Ige painel (fx2) - alimentos 2,50.00,26.00,40.00
Biolab,Local,Laboratório,Exames clínicos,Ige painel (fx3) - alimentos 3,50.00,26.00,40.00
Biolab,Local,Laboratório,Exames clínicos,Ige painel (fx5e) - alimentos,50.00,26.00,40.00
Biolab,Local,Laboratório,Exames clínicos,Ige painel (fx8) - alimentos,50.00,26.00,40.00
Biolab,Local,Laboratório,Exames clínicos,Ige painel (fx9) - alimentos 9,50.00,26.00,40.00
Biolab,Local,Laboratório,Exames clínicos,Ige painel (gx2) - gramíneas,50.00,26.00,40.00
Biolab,Local,Laboratório,Exames clínicos,Ige painel (hx2) - poeira domiciliar,50.00,26.00,40.00
Biolab,Local,Laboratório,Exames clínicos,Ige painel (mx2) - fungos e leveduras,50.00,26.00,40.00
Biolab,Local,Laboratório,Exames clínicos,Ige para vitamina b12 (c721),300.00,210.00,260.00
Biolab,Local,Laboratório,Exames clínicos,Ige rast - ovoalbumina f232,100.00,26.00,80.00
Biolab,Local,Laboratório,Exames clínicos,Ige rast - ovomucoide f233 alimentos,100.00,26.00,80.00
Biolab,Local,Laboratório,Exames clínicos,Ige rast - painel animais (ex70),50.00,35.00,45.00
Biolab,Local,Laboratório,Exames clínicos,Ige rast - painel gramíneas gx2,50.00,26.00,45.00
Biolab,Local,Laboratório,Exames clínicos,Ige total,30.00,21.00,28.00
Biolab,Local,Laboratório,Exames clínicos,Igg,40.00,24.00,32.00
Biolab,Local,Laboratório,Exames clínicos,Igg específico (f78) - caseína (de vaca),50.00,35.00,45.00
Biolab,Local,Laboratório,Exames clínicos,Igm,40.00,24.00,32.00
Biolab,Local,Laboratório,Exames clínicos,Imunofixação de proteínas soro,150.00,105.00,130.00
Biolab,Local,Laboratório,Exames clínicos,Imunohistoquimico,790.00,553.00,705.00
Biolab,Local,Laboratório,Exames clínicos,Indice de homa beta,60.00,42.00,53.00
Biolab,Local,Laboratório,Exames clínicos,Indice de homa ir,60.00,42.00,53.00
Biolab,Local,Laboratório,Exames clínicos,Indice de saturacao da transferrina,40.00,14.00,32.00
Biolab,Local,Laboratório,Exames clínicos,Insulina,40.00,28.00,35.00
Biolab,Local,Laboratório,Exames clínicos,"Lactose, teste de tolerância",40.00,33.00,40.00
Biolab,Local,Laboratório,Exames clínicos,"Larvas ( fezes ), pesquisa",10.00,7.00,10.00
Biolab,Local,Laboratório,Exames clínicos,Leucograma,10.00,5.00,8.00
Biolab,Local,Laboratório,Exames clínicos,"Leveduras, pesquisa",10.00,7.00,10.00
Biolab,Local,Laboratório,Exames clínicos,Levetiracetam,600.00,420.00,540.00
Biolab,Local,Laboratório,Exames clínicos,Lipase,10.00,5.00,8.00
Biolab,Local,Laboratório,Exames clínicos,Lipoproteína ( a ) – lp (a),60.00,25.00,48.00
Biolab,Local,Laboratório,Exames clínicos,Lítio,20.00,14.00,18.00
Biolab,Local,Laboratório,Exames clínicos,Magnesio,10.00,4.00,8.00
Biolab,Local,Laboratório,Exames clínicos,Magnésio urinario,15.00,4.00,12.00
Biolab,Local,Laboratório,Exames clínicos,Manganês urinario,50.00,33.00,40.00
Biolab,Local,Laboratório,Exames clínicos,"Mercurio, sangue",50.00,41.00,50.00
Biolab,Local,Laboratório,Exames clínicos,Micologico direto,31.00,21.70,28.00
Biolab,Local,Laboratório,Exames clínicos,Micoplasma pneumoniae – igg,89.00,62.30,75.00
Biolab,Local,Laboratório,Exames clínicos,Micoplasma pneumoniae – igm,89.00,62.30,75.00
Biolab,Local,Laboratório,Exames clínicos,Microalbuminuria,20.00,12.00,16.00
Biolab,Local,Laboratório,Exames clínicos,Microalbuminúria (amostra 24h),30.00,12.00,24.00
Biolab,Local,Laboratório,Exames clínicos,Microalbuminúria amostra isolada,30.00,12.00,24.00
Biolab,Local,Laboratório,Exames clínicos,Microbioma intestinal,1300.00,910.00,1195.00
Biolab,Local,Laboratório,Exames clínicos,"Mitocondria, anti",45.00,28.00,36.00
Biolab,Local,Laboratório,Exames clínicos,"Monoclueose, anti – vca ( ebv ) igg- epstein barr",40.00,28.00,35.00
Biolab,Local,Laboratório,Exames clínicos,"Monoclueose, anti – vca ( ebv ) igm epstein barr",40.00,28.00,35.00
Biolab,Local,Laboratório,Exames clínicos,Mucoproteínas,20.00,14.00,18.00
Biolab,Local,Laboratório,Exames clínicos,Ntprobnp (peptideo natriuretico),300.00,210.00,270.00
Biolab,Local,Laboratório,Exames clínicos,Oxalato urina de 24h,80.00,56.00,70.00
Biolab,Local,Laboratório,Exames clínicos,Oxalato urinario,54.00,26.00,43.20
Biolab,Local,Laboratório,Exames clínicos,Paaf (punção de líquidos) a cada 5 lâminas,370.00,259.00,330.00
Biolab,Local,Laboratório,Exames clínicos,Paaf (punção de líquidos) por lamina a mais,100.00,70.00,90.00
Biolab,Local,Laboratório,Exames clínicos,Painel para pesquisa auto anticorpos presentes em miosites - fleury,640.00,448.00,550.00
Biolab,Local,Laboratório,Exames clínicos,Parasitológico 1ª amostra,10.00,4.00,8.00
Biolab,Local,Laboratório,Exames clínicos,Parasitológico 2ª amostra,10.00,4.00,8.00
Biolab,Local,Laboratório,Exames clínicos,Parasitológico 3ª amostra,10.00,4.00,8.00
Biolab,Local,Laboratório,Exames clínicos,Peça cirúrgica - anátomo patológico ( acima de 3 cm ),450.00,315.00,400.00
Biolab,Local,Laboratório,Exames clínicos,Peptídeo c,40.00,22.00,32.00
Biolab,Local,Laboratório,Exames clínicos,Pesquisa de anticorpos igg contra o virus rubeola,30.00,18.00,24.00
Biolab,Local,Laboratório,Exames clínicos,Pesquisa de anticorpos igm contra o virus rubeola,30.00,18.00,24.00
Biolab,Local,Laboratório,Exames clínicos,Pesquisa de celulas le,52.00,36.40,45.00
Biolab,Local,Laboratório,Exames clínicos,"Plaquetas, contagem",10.00,5.00,8.00
Biolab,Local,Laboratório,Exames clínicos,Pneumococos anti sorotipos 23,400.00,280.00,350.00
Biolab,Local,Laboratório,Exames clínicos,Pneumococos igg,300.00,210.00,255.00
Biolab,Local,Laboratório,Exames clínicos,Potassio,10.00,6.00,8.00
Biolab,Local,Laboratório,Exames clínicos,Potássio urinário - amostra isolada,15.00,11.00,14.00
Biolab,Local,Laboratório,Exames clínicos,Potassio urinário (urina 24h),15.00,11.00,14.00
Biolab,Local,Laboratório,Exames clínicos,Probnp - n-terminal,300.00,181.00,240.00
Biolab,Local,Laboratório,Exames clínicos,Procalcitonina,240.00,150.00,192.00
Biolab,Local,Laboratório,Exames clínicos,Progesterona,30.00,18.00,24.00
Biolab,Local,Laboratório,Exames clínicos,Prolactina,30.00,15.00,24.00
Biolab,Local,Laboratório,Exames clínicos,Proteina c - antigenica,450.00,315.00,398.00
Biolab,Local,Laboratório,Exames clínicos,Proteina c - funcional,120.00,84.00,105.00
Biolab,Local,Laboratório,Exames clínicos,"Proteína c reativa, quantitativa",10.00,7.00,9.00
Biolab,Local,Laboratório,Exames clínicos,Proteína de 24 h,20.00,10.00,16.00
Biolab,Local,Laboratório,Exames clínicos,Proteina s - antigenica/total 450,250.00,150.00,200.00
Biolab,Local,Laboratório,Exames clínicos,Proteína s funcional,200.00,140.00,175.00
Biolab,Local,Laboratório,Exames clínicos,"Proteína s livre, dosagem",317.00,221.19,285.00
Biolab,Local,Laboratório,Exames clínicos,Proteínas totais,10.00,7.00,9.00
Biolab,Local,Laboratório,Exames clínicos,Proteínas totais e fracoes,25.00,8.00,20.00
Biolab,Local,Laboratório,Exames clínicos,Prova coprológica funcional,80.00,56.00,70.00
Biolab,Local,Laboratório,Exames clínicos,Prova do laço,20.00,14.00,17.00
Biolab,Local,Laboratório,Exames clínicos,Psa livre - antígeno específico prostático livre,40.00,17.00,32.00
Biolab,Local,Laboratório,Exames clínicos,Psa total antígeno específico prostático total,40.00,17.00,32.00
Biolab,Local,Laboratório,Exames clínicos,Pth - paratormônio,40.00,25.00,32.00
Biolab,Local,Laboratório,Exames clínicos,Relação proteina/creatinina urinária,30.00,13.00,24.00
Biolab,Local,Laboratório,Exames clínicos,Relação psa livre/psa total,80.00,56.00,70.00
Biolab,Local,Laboratório,Exames clínicos,Reticulina. anticorpo anti,100.00,70.00,89.00
Biolab,Local,Laboratório,Exames clínicos,"Reticulócitos, contagem",10.00,6.00,8.00
Biolab,Local,Laboratório,Exames clínicos,Retração do coágulo,10.00,7.00,9.00
Biolab,Local,Laboratório,Exames clínicos,Ristocetina cofator,400.00,280.00,360.00
Biolab,Local,Laboratório,Exames clínicos,Rubéola – igg,30.00,18.00,24.00
Biolab,Local,Laboratório,Exames clínicos,Rubéola – igm,30.00,18.00,24.00
Biolab,Local,Laboratório,Exames clínicos,"Sangue oculto, pesquisa",20.00,15.00,19.00
Biolab,Local,Laboratório,Exames clínicos,Schistosomose – igg,70.00,49.00,60.00
Biolab,Local,Laboratório,Exames clínicos,"Selênio, soro",50.00,36.00,45.00
Biolab,Local,Laboratório,Exames clínicos,"Selênio, urina 24 horas",250.00,150.00,200.00
Biolab,Local,Laboratório,Exames clínicos,Serotonina,80.00,62.00,75.00
Biolab,Local,Laboratório,Exames clínicos,Serotonina urinária,113.00,79.10,95.00
Biolab,Local,Laboratório,Exames clínicos,Shbg - globulina ligadora hormonios sexual,87.00,59.00,76.00
Biolab,Local,Laboratório,Exames clínicos,Sífilis – fta – abs - igg,20.00,14.00,18.00
Biolab,Local,Laboratório,Exames clínicos,Sífilis – fta – abs - igm,30.00,21.00,16.00
Biolab,Local,Laboratório,Exames clínicos,Sifilis - vdrl,10.00,5.00,8.00
Biolab,Local,Laboratório,Exames clínicos,Sodio,10.00,6.00,8.00
Biolab,Local,Laboratório,Exames clínicos,Sódio urinário,10.00,6.00,8.00
Biolab,Local,Laboratório,Exames clínicos,Sódio urinário 24 h,20.00,14.00,18.00
Biolab,Local,Laboratório,Exames clínicos,Somatomedina c ( igf1),90.00,27.00,72.00
Biolab,Local,Laboratório,Exames clínicos,Sulfato de dehidroepiandrosterona( s-dhea ),30.00,21.00,26.00
Biolab,Local,Laboratório,Exames clínicos,"Sumário de urina ( caracteres físicos, elementos anormais e sedimentoscopia )",10.00,6.00,8.00
Biolab,Local,Laboratório,Exames clínicos,T3 - triiodotironina,30.00,11.00,24.00
Biolab,Local,Laboratório,Exames clínicos,T3 livre - triiodotironina,30.00,9.00,24.00
Biolab,Local,Laboratório,Exames clínicos,T3 retenção - triiodotironina,230.00,150.00,184.00
Biolab,Local,Laboratório,Exames clínicos,T3 reverso,150.00,100.00,120.00
Biolab,Local,Laboratório,Exames clínicos,T4 - tiroxina livre,30.00,11.00,24.00
Biolab,Local,Laboratório,Exames clínicos,T4- tiroxina,30.00,11.00,24.00
Biolab,Local,Laboratório,Exames clínicos,Tempo de coagulação,10.00,5.00,8.00
Biolab,Local,Laboratório,Exames clínicos,Tempo de protrombina,20.00,8.00,16.00
Biolab,Local,Laboratório,Exames clínicos,Tempo de sangramento ( duke ),10.00,5.00,8.00
Biolab,Local,Laboratório,Exames clínicos,Tempo de trombina,60.00,42.00,53.00
Biolab,Local,Laboratório,Exames clínicos,Tempo de tromboplastina parcial ativada,30.00,13.00,24.00
Biolab,Local,Laboratório,Exames clínicos,Testosterona livre,30.00,20.00,24.00
Biolab,Local,Laboratório,Exames clínicos,Testosterona total,20.00,16.00,20.00
Biolab,Local,Laboratório,Exames clínicos,Tgo - transaminase oxalacética ( aminotransferaseaspartato ),10.00,5.00,8.00
Biolab,Local,Laboratório,Exames clínicos,Tgp - transaminase pirúvica ( aminotransferase de alanina ),10.00,5.00,8.00
Biolab,Local,Laboratório,Exames clínicos,Tireoglobulina,50.00,29.00,40.00
Biolab,Local,Laboratório,Exames clínicos,Toxoplasmose- avidez,100.00,70.00,90.00
Biolab,Local,Laboratório,Exames clínicos,Toxoplasmose -iga m,150.00,105.00,130.00
Biolab,Local,Laboratório,Exames clínicos,Toxoplasmose igg,30.00,15.00,24.00
Biolab,Local,Laboratório,Exames clínicos,Toxoplasmose igm,30.00,18.00,24.00
Biolab,Local,Laboratório,Exames clínicos,Trab - anticorpo anti-receptor tsh,110.00,80.00,100.00
Biolab,Local,Laboratório,Exames clínicos,Transferrina,20.00,9.50,16.00
Biolab,Local,Laboratório,Exames clínicos,"Transglutaminase tecidual igg, anticorpo anti-ttg",110.00,90.00,108.00
Biolab,Local,Laboratório,Exames clínicos,Triglicerideos,10.00,6.00,8.00
Biolab,Local,Laboratório,Exames clínicos,Triglicerídeos liquidos,20.00,6.00,16.00
Biolab,Local,Laboratório,Exames clínicos,Troponina,60.00,45.00,54.00
Biolab,Local,Laboratório,Exames clínicos,Tsh - hormonio tireoestimulante,30.00,11.00,24.00
Biolab,Local,Laboratório,Exames clínicos,Ureia,10.00,4.00,8.00
Biolab,Local,Laboratório,Exames clínicos,Ureia urinária,20.00,11.00,16.00
Biolab,Local,Laboratório,Exames clínicos,Urobilinogênio - urina,14.00,9.80,13.00
Biolab,Local,Laboratório,Exames clínicos,Urocultura com antibiograma,70.00,27.00,56.00
Biolab,Local,Laboratório,Exames clínicos,"Varicela zoster, igg",80.00,56.00,69.00
Biolab,Local,Laboratório,Exames clínicos,"Varicela zoster, igm",80.00,35.00,64.00
Biolab,Local,Laboratório,Exames clínicos,Vhs- velocidade de hemossedimentação,10.00,5.00,8.00
Biolab,Local,Laboratório,Exames clínicos,"Vitamina “d” 25 hidroxi, dosagem ( vitamina d3 )",70.00,49.00,60.00
Biolab,Local,Laboratório,Exames clínicos,"Vitamina a, dosagem - riboflavina",158.00,90.00,126.40
Biolab,Local,Laboratório,Exames clínicos,Vitamina b1 tiamina,267.00,182.00,230.00
Biolab,Local,Laboratório,Exames clínicos,Vitamina b12,30.00,19.00,24.00
Biolab,Local,Laboratório,Exames clínicos,Vitamina b2 - riboflavina,289.00,208.00,265.00
Biolab,Local,Laboratório,Exames clínicos,Vitamina b5,1000.00,700.00,895.00
Biolab,Local,Laboratório,Exames clínicos,Vitamina c,158.00,99.00,126.40
Biolab,Local,Laboratório,Exames clínicos,"Vitamina d 1,25- dihidroxi",120.00,92.00,115.00
Biolab,Local,Laboratório,Exames clínicos,Vitamina e,148.00,102.00,140.00
Biolab,Local,Laboratório,Exames clínicos,Vitamina k,500.00,390.00,480.00
Biolab,Local,Laboratório,Exames clínicos,Waaler – rose ( fator reumatoide ),20.00,12.00,16.00
Biolab,Local,Laboratório,Exames clínicos,"Zinco, soro",40.00,24.00,32.00
CardioVida,Profissional,Médico,Cardiologia,Consulta cardiologista,250.00,100.00,0.00
CardioVida,Profissional,Médico,Cardiologia,Ecocardiograma,300.00,180.00,0.00
CardioVida,Profissional,Médico,Cardiologia,Mapa,200.00,150.00,0.00
CardioVida,Profissional,Médico,Cardiologia,Holter,200.00,150.00,0.00
CardioVida,Profissional,Médico,Cardiologia,Teste ergometrico,250.00,150.00,0.00
CardioVida,Profissional,Médico,Cardiologia,Ecg,60.00,35.00,0.00
Cemedi,Local,Laboratório,Exames clínicos,Usg abdomen total,150.00,110.00,0.00
Cemedi,Local,Laboratório,Exames clínicos,Usg obstétrica morfológica,220.00,160.00,0.00
Cemedi,Local,Laboratório,Exames clínicos,Usg obstetrica simples,150.00,110.00,0.00
Cemedi,Local,Laboratório,Exames clínicos,Usg região cervical,150.00,110.00,0.00
Cemedi,Local,Laboratório,Exames clínicos,Usg região cervical com doppler,220.00,160.00,0.00
Cemedi,Local,Laboratório,Exames clínicos,Usg vias urinarias,150.00,110.00,0.00
Cemedi,Local,Laboratório,Exames clínicos,Usg vias biliares,150.00,110.00,0.00
Cemedi,Local,Laboratório,Exames clínicos,Usg bolsa escrotal,150.00,110.00,0.00
Cemedi,Local,Laboratório,Exames clínicos,Usg bolsa escrotal com doppler,220.00,160.00,0.00
Cemedi,Local,Laboratório,Exames clínicos,Usg tireoide com doppler,220.00,160.00,0.00
Cemedi,Local,Laboratório,Exames clínicos,Usg parede abd,150.00,110.00,0.00
Cemedi,Local,Laboratório,Exames clínicos,Usg região inguinal,150.00,110.00,0.00
Cemedi,Local,Laboratório,Exames clínicos,Usg região umbilical,150.00,110.00,0.00
Cemedi,Local,Laboratório,Exames clínicos,Usg pelvica,150.00,110.00,0.00
Cemedi,Local,Laboratório,Exames clínicos,Usg prostata,150.00,110.00,0.00
Cemedi,Local,Laboratório,Exames clínicos,Usg transvaginal,150.00,110.00,0.00
Cemedi,Local,Laboratório,Exames clínicos,Usg transvaginal com doppler,220.00,160.00,0.00
Cemedi,Local,Laboratório,Exames clínicos,Usg partes moles,175.00,130.00,0.00
Cemedi,Local,Laboratório,Exames clínicos,Usg mamaria,175.00,130.00,0.00
Cemedi,Local,Laboratório,Exames clínicos,Preventivo completo,150.00,120.00,0.00
Cemedi,Local,Laboratório,Exames clínicos,Ecg com laudo,70.00,45.00,0.00
Cemedi,Local,Laboratório,Exames clínicos,Mapa 24horas,180.00,110.00,0.00
Cemedi,Local,Laboratório,Exames clínicos,Histopatológico peça pequena,220.00,120.00,0.00
Cemedi,Local,Laboratório,Exames clínicos,Histopatológico peça grande,350.00,150.00,0.00
Cemedi,Local,Laboratório,Exames clínicos,Histopatológico útero com anexo,450.00,200.00,0.00
Cesar Lamark,Profissional,Médico,Cirurgia plástica,"Lipo safer (abdômen, flancos, costas, braços, coxas e monte de vênus) + enxertia",39531.25,27500.00,0.00
Cesar Lamark,Profissional,Médico,Cirurgia plástica,"Lipo safer (abdômen, flancos e costas) + enxertia",23000.00,16000.00,0.00
Cesar Lamark,Profissional,Médico,Cirurgia plástica,"Lipo safer (abdômen, flancos e costas)",20700.00,14400.00,0.00
Cesar Lamark,Profissional,Médico,Cirurgia plástica,"Lipo safer (abdômen, flancos e dorso) + braço",25012.5,17400.00,0.00
Cesar Lamark,Profissional,Médico,Cirurgia plástica,Lipo safer (abdômen e flancos) + enxertia,20843.75,14500.00,0.00
Cesar Lamark,Profissional,Médico,Cirurgia plástica,Lipo safer (abdômen e flancos),17250.00,16000.00,0.00
Cesar Lamark,Profissional,Médico,Cirurgia plástica,"Lipo safer (abdômen, flancos e costas) + enxertia +abdominoplastia",33350.00,23200.00,0.00
Cesar Lamark,Profissional,Médico,Cirurgia plástica,Lipo safer (região torácica lateral ),6900.00,3000.00,0.00
Cesar Lamark,Profissional,Médico,Cirurgia plástica,"Lipo safer (abdômen, flancos ) + abdominoplastia",29325.00,20400.00,0.00
Cesar Lamark,Profissional,Médico,Cirurgia plástica,"Lipo safer (lombar, flancos)",17250.00,16000.00,0.00
Cesar Lamark,Profissional,Médico,Cirurgia plástica,Lipo safer (torax superior),6900.00,4000.00,0.00
Cesar Lamark,Profissional,Médico,Cirurgia plástica,Lipo safer (braços),6900.00,4000.00,0.00
Cesar Lamark,Profissional,Médico,Cirurgia plástica,Lipo safer (região toracica lateral),4600.00,3000.00,0.00
Cesar Lamark,Profissional,Médico,Cirurgia plástica,Lipo safer (coxas),6900.00,4000.00,0.00
Cesar Lamark,Profissional,Médico,Cirurgia plástica,Mamoplastia de aumento,16100.00,14000.00,0.00
Cesar Lamark,Profissional,Médico,Cirurgia plástica,Mastopexia short scar sem protese,23000.00,20000.00,0.00
Cesar Lamark,Profissional,Médico,Cirurgia plástica,Mamoplastia redutora,20700.00,18000.00,0.00
Cesar Lamark,Profissional,Médico,Cirurgia plástica,Lipo safer (360° - abdome//flancos//lombar),20700.00,18000.00,0.00
Cesar Lamark,Profissional,Médico,Cirurgia plástica,Miniabdominoplastia,18400.00,15000.00,0.00
Cesar Lamark,Profissional,Médico,Cirurgia plástica,Explante mamario + mastopexia circunferencial,25300.00,22000.00,0.00
Cesar Lamark,Profissional,Médico,Cirurgia plástica,Blefaroplastia superior,6900.00,6000.00,0.00
Cesar Lamark,Profissional,Médico,Cirurgia plástica,Ginecomastia,11500.00,10000.00,0.00
Cesar Lamark,Profissional,Médico,Cirurgia plástica,Abdominoplastia,20700.00,18000.00,0.00
Cesar Lamark,Profissional,Médico,Cirurgia plástica,Mamoplastia redutora com prótese,20700.00,14400.00,0.00
Cesar Lamark,Profissional,Médico,Cirurgia plástica,Mastopexia com protese multiplanos em l,23000.00,16000.00,0.00
Cesar Lamark,Profissional,Médico,Cirurgia plástica,Matopexia com prótese,23000.00,16000.00,0.00
Cesar Lamark,Profissional,Médico,Cirurgia plástica,Mastopexia sem prótese,23000.00,16000.00,0.00
Cesar Lamark,Profissional,Médico,Cirurgia plástica,Mamoplastia de aumento submuscular estruturada,23000.00,16000.00,0.00
Cesar Lamark,Profissional,Médico,Cirurgia plástica,Enxerto de glúteo,3737.50,2500.00,0.00
Cesar Lamark,Profissional,Médico,Cirurgia plástica,Braquioplastia,23000.00,20000.00,0.00
Cesar Lamark,Profissional,Médico,Cirurgia plástica,Argon 4,9200.00,10000.00,0.00
Cesar Lamark,Profissional,Médico,Cirurgia plástica,Consulta,600.00,600.00,0.00
Gabriela Freire,Profissional,Médico,Cirurgia plástica,Consulta,250.00,100.00,150.00
Gabriela Freire,Profissional,Médico,Cirurgia plástica,Lipo de papada,"R$ 5.200,00","R$ 3.000,00",4160.00
Heron Silveira,Profissional,Médico,Ginecologia,Parto cesárea,3500.00,2600.00,0.00
Heron Silveira,Profissional,Médico,Ginecologia,Ninfoplastia,3500.00,2500.00,0.00
Heron Silveira,Profissional,Médico,Ginecologia,Histeroscopia diagnóstica com biópsia,2150.00,950.00,0.00
Heron Silveira,Profissional,Médico,Ginecologia,Estudo urodinâmico,700.00,500.00,0.00
Heron Silveira,Profissional,Médico,Ginecologia,Parto-pediatra,800.00,800.00,0.00
Heron Silveira,Profissional,Médico,Ginecologia,Pacote ginecologico,900.00,500.00,0.00
Heron Silveira,Profissional,Médico,Ginecologia,Biopsia do colo,550.00,350.00,0.00
Heron Silveira,Profissional,Médico,Ginecologia,Consulta pré procedimento,450.00,250.00,0.00
Heron Silveira,Profissional,Médico,Ginecologia,Fraxx,2000.00,1300.00,0.00
Heron Silveira,Profissional,Médico,Ginecologia,Implanon,2000.00,1300.00,0.00
Hospital Memorial,Local,Hospital,Multidisciplinar,Abdominoplastia,3300.00,3300.00,0.00
Hospital Memorial,Local,Hospital,Multidisciplinar,Abdominoplastia,3300.00,3300.00,0.00
Hospital Memorial,Local,Hospital,Multidisciplinar,Abdominoplastia Em Ancora,3300.00,3300.00,0.00
Hospital Memorial,Local,Hospital,Multidisciplinar,Biometria ultra-sonica - monocular,90.00,76.20,85.50
Hospital Memorial,Local,Hospital,Multidisciplinar,Blefaroplastia Superior,1500.00,1500.00,0.00
Hospital Memorial,Local,Hospital,Multidisciplinar,Blefaroplastia Superior + Inferior + Cantopexia Ou Cantoplastia,2340.00,2340.00,0.00
Hospital Memorial,Local,Hospital,Multidisciplinar,Braquioplastia,2700.00,2700.00,0.00
Hospital Memorial,Local,Hospital,Multidisciplinar,Campimetria computadorizada (campo visual) - monocular,190.00,71.70,130.00
Hospital Memorial,Local,Hospital,Multidisciplinar,Ceratoscopia computadorizada - monocular,180.00,91.70,140.00
Hospital Memorial,Local,Hospital,Multidisciplinar,Cerumen - remocao (bilateral),300.00,150.00,240.00
Hospital Memorial,Local,Hospital,Multidisciplinar,Cirurgião cardiovascular,450.00,370.00,420.00
Hospital Memorial,Local,Hospital,Multidisciplinar,Clister ou enema opaco (duplo contraste),350.00,208.13,315.00
Hospital Memorial,Local,Hospital,Multidisciplinar,Colonoscopia (inclui a retossigmoidoscopia),700.00,480.00,630.00
Hospital Memorial,Local,Hospital,Multidisciplinar,Colonoscopia com biopsia e/ou citologia,700.00,480.00,630.00
Hospital Memorial,Local,Hospital,Multidisciplinar,Consulta alergologista,250.00,140.00,180.00
Hospital Memorial,Local,Hospital,Multidisciplinar,Consulta angiologista,250.00,140.00,180.00
Hospital Memorial,Local,Hospital,Multidisciplinar,Consulta cardiologia,250.00,140.00,180.00
Hospital Memorial,Local,Hospital,Multidisciplinar,Consulta cirurgia cabeca e pescoco,300.00,140.00,180.00
Hospital Memorial,Local,Hospital,Multidisciplinar,Consulta cirurgia geral,300.00,140.00,180.00
Hospital Memorial,Local,Hospital,Multidisciplinar,Consulta cirurgiao toracico,250.00,200.00,245.00
Hospital Memorial,Local,Hospital,Multidisciplinar,Consulta clinico geral,250.00,140.00,180.00
Hospital Memorial,Local,Hospital,Multidisciplinar,Consulta dermatologista,250.00,140.00,180.00
Hospital Memorial,Local,Hospital,Multidisciplinar,Consulta endocrinologista,300.00,200.00,250.00
Hospital Memorial,Local,Hospital,Multidisciplinar,Consulta gastroenterologia,250.00,140.00,180.00
Hospital Memorial,Local,Hospital,Multidisciplinar,Consulta geriatria,350.00,140.00,180.00
Hospital Memorial,Local,Hospital,Multidisciplinar,Consulta ginecologia obstetrica,250.00,140.00,180.00
Hospital Memorial,Local,Hospital,Multidisciplinar,Consulta ginecológica,250.00,140.00,180.00
Hospital Memorial,Local,Hospital,Multidisciplinar,Consulta hematologista,400.00,140.00,180.00
Hospital Memorial,Local,Hospital,Multidisciplinar,Consulta hepatologista,300.00,140.00,180.00
Hospital Memorial,Local,Hospital,Multidisciplinar,Consulta mastologia,300.00,150.00,200.00
Hospital Memorial,Local,Hospital,Multidisciplinar,Consulta neurocirurgiao,450.00,140.00,180.00
Hospital Memorial,Local,Hospital,Multidisciplinar,Consulta neurologia,300.00,200.00,250.00
Hospital Memorial,Local,Hospital,Multidisciplinar,Consulta oftalmologia,250.00,140.00,180.00
Hospital Memorial,Local,Hospital,Multidisciplinar,Consulta oncologia,300.00,140.00,180.00
Hospital Memorial,Local,Hospital,Multidisciplinar,Consulta ortopedia,250.00,140.00,180.00
Hospital Memorial,Local,Hospital,Multidisciplinar,Consulta otorrinolaringologia,250.00,140.00,180.00
Hospital Memorial,Local,Hospital,Multidisciplinar,Consulta pediatria,250.00,140.00,180.00
Hospital Memorial,Local,Hospital,Multidisciplinar,Consulta pneumologia,250.00,200.00,245.00
Hospital Memorial,Local,Hospital,Multidisciplinar,Consulta pre anestesica,250.00,140.00,180.00
Hospital Memorial,Local,Hospital,Multidisciplinar,Consulta proctologia,250.00,140.00,180.00
Hospital Memorial,Local,Hospital,Multidisciplinar,Consulta urologista,300.00,140.00,180.00
Hospital Memorial,Local,Hospital,Multidisciplinar,Cruroplastia,2700.00,2700.00,0.00
Hospital Memorial,Local,Hospital,Multidisciplinar,Curva Tensional,180.00,90.00,130.00
Hospital Memorial,Local,Hospital,Multidisciplinar,Curva tensional diaria - binocular,150.00,68.70,120.00
Hospital Memorial,Local,Hospital,Multidisciplinar,Densitometria ossea - 2 segmentos (coluna e femur),130.00,90.00,115.00
Hospital Memorial,Local,Hospital,Multidisciplinar,Ecocardiograma (eco),250.00,200.00,245.00
Hospital Memorial,Local,Hospital,Multidisciplinar,Eletrocardiograma (ecg),80.00,50.00,65.00
Hospital Memorial,Local,Hospital,Multidisciplinar,Eletroencefalograma em vigilia e sono (eeg),130.00,100.00,125.00
Hospital Memorial,Local,Hospital,Multidisciplinar,Endoscopia digestiva alta,350.00,250.00,310.00
Hospital Memorial,Local,Hospital,Multidisciplinar,Ginecomastia,2300.00,2300.00,0.00
Hospital Memorial,Local,Hospital,Multidisciplinar,Ginecomastia Com Lipo De Peitoral,2300.00,2300.00,0.00
Hospital Memorial,Local,Hospital,Multidisciplinar,Gonioscopia,180.00,90.00,130.00
Hospital Memorial,Local,Hospital,Multidisciplinar,Gonioscopia - binocular,130.00,25.60,104.00
Hospital Memorial,Local,Hospital,Multidisciplinar,Holter 24 horas - 3 canais - digital,200.00,160.00,190.00
Hospital Memorial,Local,Hospital,Multidisciplinar,Lifting Facial,4560.00,4560.00,0.00
Hospital Memorial,Local,Hospital,Multidisciplinar,Lipo Safer (Abdômen E Flancos),2640.00,2640.00,0.00
Hospital Memorial,Local,Hospital,Multidisciplinar,Lipo Safer (Abdômen E Flancos) +Enxertia,2640.00,2640.00,0.00
Hospital Memorial,Local,Hospital,Multidisciplinar,"Lipo Safer (Abdômen, Flancos ) Abdominoplastia",2640.00,2640.00,0.00
Hospital Memorial,Local,Hospital,Multidisciplinar,"Lipo Safer (Abdômen, Flancos e costas)",2640.00,2640.00,0.00
Hospital Memorial,Local,Hospital,Multidisciplinar,"Lipo Safer (Abdômen, Flancos e costas) + Enxertia",2640.00,2640.00,0.00
Hospital Memorial,Local,Hospital,Multidisciplinar,"Lipo Safer (Abdômen, Flancos E Costas) + Enxertia +Abdominoplastia",2640.00,2640.00,0.00
Hospital Memorial,Local,Hospital,Multidisciplinar,"Lipo Safer (Abdômen, Flancos, Costas, Braços, Coxas e Monte De Vênus) + Enxertia",2640.00,2640.00,0.00
Hospital Memorial,Local,Hospital,Multidisciplinar,Lipoaspiração De Abdome Com Enxertia,3300.00,3300.00,0.00
Hospital Memorial,Local,Hospital,Multidisciplinar,Lipoaspiracão De Abdome E Dorso Com Enxertia,3300.00,3300.00,0.00
Hospital Memorial,Local,Hospital,Multidisciplinar,Lipoaspiracão De Abdome E Dorso Sem Enxertia,2900.00,2900.00,0.00
Hospital Memorial,Local,Hospital,Multidisciplinar,Lipoaspiração De Abdome Sem Enxertia,2400.00,2400.00,0.00
Hospital Memorial,Local,Hospital,Multidisciplinar,Lipoaspiração De Papada,1000.00,1000.00,0.00
Hospital Memorial,Local,Hospital,Multidisciplinar,Lipoaspiracão Pequena (Ex: Braços Ou Coxas Ou Axilas + Torax),1000.00,1000.00,0.00
Hospital Memorial,Local,Hospital,Multidisciplinar,Mamografia convencional bilateral,150.00,120.00,140.00
Hospital Memorial,Local,Hospital,Multidisciplinar,Mamoplastia De Aumento,2640.00,2640.00,0.00
Hospital Memorial,Local,Hospital,Multidisciplinar,Mamoplastia De Aumento Submuscular Estruturada,2800.00,2800.00,0.00
Hospital Memorial,Local,Hospital,Multidisciplinar,Mamoplastia Redutora,2800.00,2800.00,0.00
Hospital Memorial,Local,Hospital,Multidisciplinar,Mamoplastia Redutora,2400.00,2400.00,0.00
Hospital Memorial,Local,Hospital,Multidisciplinar,Mamoplastia Redutora Com Prótese,2800.00,2800.00,0.00
Hospital Memorial,Local,Hospital,Multidisciplinar,Mapa 24horas,200.00,150.00,185.00
Hospital Memorial,Local,Hospital,Multidisciplinar,Mapeamento De Retina,130.00,65.00,120.00
Hospital Memorial,Local,Hospital,Multidisciplinar,Mapeamento De Retina,200.00,100.00,150.00
Hospital Memorial,Local,Hospital,Multidisciplinar,Mapeamento de retina (oftalmoscopia indireta) - monocular,100.00,47.30,80.00
Hospital Memorial,Local,Hospital,Multidisciplinar,Mastopexia Com Prótese,3360.00,3360.00,0.00
Hospital Memorial,Local,Hospital,Multidisciplinar,Mastopexia Com Protese Multiplanos Em L,2800.00,2800.00,0.00
Hospital Memorial,Local,Hospital,Multidisciplinar,Mastopexia Sem Prótese,3360.00,3360.00,0.00
Hospital Memorial,Local,Hospital,Multidisciplinar,Microscopia,290.00,145.00,245.00
Hospital Memorial,Local,Hospital,Multidisciplinar,Microscopia,160.00,90.00,120.00
Hospital Memorial,Local,Hospital,Multidisciplinar,Microscopia especular de cornea - monocular,180.00,106.60,144.00
Hospital Memorial,Local,Hospital,Multidisciplinar,Miniabdominoplastia,3300.00,3300.00,0.00
Hospital Memorial,Local,Hospital,Multidisciplinar,Ninfoplastia,3240.00,3240.00,0.00
Hospital Memorial,Local,Hospital,Multidisciplinar,Oct- Tomografia De Coerència Optica,620.00,265.00,380.00
Hospital Memorial,Local,Hospital,Multidisciplinar,Oct- Tomografia De Coerència Optica,760.00,380.00,550.00
Hospital Memorial,Local,Hospital,Multidisciplinar,Otoplastia,2000.00,2000.00,0.00
Hospital Memorial,Local,Hospital,Multidisciplinar,Pacote mama (consulta+ usg mama+mamografia),650.00,371.58,490.00
Hospital Memorial,Local,Hospital,Multidisciplinar,Paquimetria,120.00,70.00,90.00
Hospital Memorial,Local,Hospital,Multidisciplinar,Paquimetria,260.00,120.00,180.00
Hospital Memorial,Local,Hospital,Multidisciplinar,Paquimetria ultrasonica - monocular,200.00,49.20,160.00
Hospital Memorial,Local,Hospital,Multidisciplinar,Polipectomia de colon (independente do numero de polipos),750.00,550.00,680.00
Hospital Memorial,Local,Hospital,Multidisciplinar,Raio x - tórax (pa e perfil),150.00,54.03,680.00
Hospital Memorial,Local,Hospital,Multidisciplinar,Raio-x - abdome simples,110.00,50.05,120.00
Hospital Memorial,Local,Hospital,Multidisciplinar,Raio-x - adenoides ou cavum,110.00,48.02,88.00
Hospital Memorial,Local,Hospital,Multidisciplinar,Raio-x - antebraco,110.00,49.75,88.00
Hospital Memorial,Local,Hospital,Multidisciplinar,Raio-x - articulacao coxofemoral (quadril),150.00,52.64,88.00
Hospital Memorial,Local,Hospital,Multidisciplinar,Raio-x - articulacao temporomandibular - bilateral,150.00,56.43,120.00
Hospital Memorial,Local,Hospital,Multidisciplinar,Raio-x - articulacao tibiotarsica (tornozelo),150.00,48.02,120.00
Hospital Memorial,Local,Hospital,Multidisciplinar,Raio-x - bacia,150.00,50.05,120.00
Hospital Memorial,Local,Hospital,Multidisciplinar,Raio-x - braco,150.00,51.20,120.00
Hospital Memorial,Local,Hospital,Multidisciplinar,Raio-x - calcaneo,150.00,48.02,120.00
Hospital Memorial,Local,Hospital,Multidisciplinar,Raio-x - clavicula,150.00,51.20,120.00
Hospital Memorial,Local,Hospital,Multidisciplinar,Raio-x - coluna cervical - 3 incidencias,150.00,50.77,120.00
Hospital Memorial,Local,Hospital,Multidisciplinar,Raio-x - coluna dorsal - 2 incidencias,150.00,55.54,120.00
Hospital Memorial,Local,Hospital,Multidisciplinar,Raio-x - coluna lombo-sacra -3 incidencias,150.00,57.70,120.00
Hospital Memorial,Local,Hospital,Multidisciplinar,Raio-x - coluna torácica - 1 incidencia,150.00,33.64,120.00
Hospital Memorial,Local,Hospital,Multidisciplinar,Raio-x - coluna torácica - 2 incidencias,150.00,40.48,120.00
Hospital Memorial,Local,Hospital,Multidisciplinar,Raio-x - costelas - por hemitorax,150.00,54.08,120.00
Hospital Memorial,Local,Hospital,Multidisciplinar,Raio-x - cotovelo,150.00,48.02,120.00
Hospital Memorial,Local,Hospital,Multidisciplinar,Raio-x - coxa,150.00,54.08,120.00
Hospital Memorial,Local,Hospital,Multidisciplinar,Raio-x - cranio - 2 incidencias,150.00,51.20,120.00
Hospital Memorial,Local,Hospital,Multidisciplinar,Raio-x - esofago - estomago e duodeno,430.00,188.82,120.00
Hospital Memorial,Local,Hospital,Multidisciplinar,Raio-x - joelho,150.00,49.75,344.00
Hospital Memorial,Local,Hospital,Multidisciplinar,Raio-x - mao ou quirodactilo,150.00,48.02,120.00
Hospital Memorial,Local,Hospital,Multidisciplinar,Raio-x - omoplata ou escapula,150.00,53.36,120.00
Hospital Memorial,Local,Hospital,Multidisciplinar,Raio-x - ossos da face,150.00,56.43,120.00
Hospital Memorial,Local,Hospital,Multidisciplinar,Raio-x - pe ou pododactilo,150.00,49.75,120.00
Hospital Memorial,Local,Hospital,Multidisciplinar,Raio-x - perna,150.00,52.63,120.00
Hospital Neurocardio,Local,Hospital,Multidisciplinar,Abdominoplastia,3200.00,3200.00,0.00
Hospital Neurocardio,Local,Hospital,Multidisciplinar,Abdominoplastia + hérnia,5060.00,5060.00,0.00
Hospital Neurocardio,Local,Hospital,Multidisciplinar,Abdominoplastia + lipo de cintura,4650.00,4650.00,0.00
Hospital Neurocardio,Local,Hospital,Multidisciplinar,Abdominoplastia + lipo de cintura + costa,5800.00,5800.00,0.00
Hospital Neurocardio,Local,Hospital,Multidisciplinar,Abdominoplastia + lipo de cintura + enxertia,4650.00,4650.00,0.00
Hospital Neurocardio,Local,Hospital,Multidisciplinar,Abdominoplastia + lipo média+ hérnia,3600.00,3600.00,0.00
Hospital Neurocardio,Local,Hospital,Multidisciplinar,Abdominoplastia + lipoescultura,5740.00,5740.00,0.00
Hospital Neurocardio,Local,Hospital,Multidisciplinar,Abdominoplastia + lipoescultura+enxertia de glutéo,6640.00,6640.00,0.00
Hospital Neurocardio,Local,Hospital,Multidisciplinar,Abdominoplastia em ancora,2900.00,2900.00,0.00
Hospital Neurocardio,Local,Hospital,Multidisciplinar,Abdominoplastia + ninfoplastia,4250.00,4250.00,0.00
Hospital Neurocardio,Local,Hospital,Multidisciplinar,Blefaroplastia inferior,1500.00,1500.00,0.00
Hospital Neurocardio,Local,Hospital,Multidisciplinar,Blefaroplastia superior,1500.00,1500.00,0.00
Hospital Neurocardio,Local,Hospital,Multidisciplinar,Blefaroplastia superior + inferior,2340.00,2340.00,0.00
Hospital Neurocardio,Local,Hospital,Multidisciplinar,Blefaroplastia superior + inferior + cantopexia ou cantoplastia,2340.00,2340.00,0.00
Hospital Neurocardio,Local,Hospital,Multidisciplinar,Braquioplastia,2600.00,2600.00,0.00
Hospital Neurocardio,Local,Hospital,Multidisciplinar,Cruroplastia,2600.00,2600.00,0.00
Hospital Neurocardio,Local,Hospital,Multidisciplinar,Enxertia de glúteo,900.00,900.00,0.00
Hospital Neurocardio,Local,Hospital,Multidisciplinar,Ginecomastia,3800.00,3800.00,0.00
Hospital Neurocardio,Local,Hospital,Multidisciplinar,Ginecomastia com lipo de peitoral,3800.00,3800.00,0.00
Hospital Neurocardio,Local,Hospital,Multidisciplinar,Lifting coxa,3500.00,2700.00,0.00
Hospital Neurocardio,Local,Hospital,Multidisciplinar,Lifting braço,3500.00,3500.00,0.00
Hospital Neurocardio,Local,Hospital,Multidisciplinar,Lifting facial,3500.00,3500.00,0.00
Hospital Neurocardio,Local,Hospital,Multidisciplinar,Lipo safer (abdômen e flancos),3500.00,3500.00,0.00
Hospital Neurocardio,Local,Hospital,Multidisciplinar,Lipo safer (abdômen e flancos) +enxertia,3500.00,3500.00,0.00
Hospital Neurocardio,Local,Hospital,Multidisciplinar,"Lipo safer (abdômen, flancos ) abdominoplastia",4650.00,4650.00,0.00
Hospital Neurocardio,Local,Hospital,Multidisciplinar,"Lipo safer (abdômen, flancos e costas)",3500.00,3500.00,0.00
Hospital Neurocardio,Local,Hospital,Multidisciplinar,"Lipo safer (abdômen, flancos e costas) + enxertia +abdominoplastia",4650.00,4650.00,0.00
Hospital Neurocardio,Local,Hospital,Multidisciplinar,"Lipo safer (abdômen, flancos e costas) + enxertia de glutéo",3500.00,3500.00,0.00
Hospital Neurocardio,Local,Hospital,Multidisciplinar,"Lipo safer (abdômen, flancos, costas, braços, coxas e monte de vênus) + enxertia",3500.00,3500.00,0.00
Hospital Neurocardio,Local,Hospital,Multidisciplinar,Lipoaspiração de abdome com enxertia,3500.00,3500.00,0.00
Hospital Neurocardio,Local,Hospital,Multidisciplinar,Lipoaspiracão de abdome e dorso com enxertia,3500.00,3500.00,0.00
Hospital Neurocardio,Local,Hospital,Multidisciplinar,Lipoaspiracão de abdome e dorso sem enxertia,3500.00,3500.00,0.00
Hospital Neurocardio,Local,Hospital,Multidisciplinar,Lipoaspiração de abdome sem enxertia,3500.00,3500.00,0.00
Hospital Neurocardio,Local,Hospital,Multidisciplinar,Lipoaspiração de papada,700.00,700.00,0.00
Hospital Neurocardio,Local,Hospital,Multidisciplinar,Lipoaspiração média 2 a 4 horas,3500.00,3500.00,0.00
Hospital Neurocardio,Local,Hospital,Multidisciplinar,Lipoaspiracão pequena (ex: braços ou coxas ou axilas + torax),1500.00,1500.00,0.00
Hospital Neurocardio,Local,Hospital,Multidisciplinar,Lipoaspiração pequena até 2 horas,3500.00,3500.00,0.00
Hospital Neurocardio,Local,Hospital,Multidisciplinar,Lipoescultura,3500.00,3500.00,0.00
Hospital Neurocardio,Local,Hospital,Multidisciplinar,Lipoescultura com laser,3500.00,3500.00,0.00
Hospital Neurocardio,Local,Hospital,Multidisciplinar,Mamoplastia de aumento,3500.00,3500.00,0.00
Hospital Neurocardio,Local,Hospital,Multidisciplinar,Mamoplastia de aumento submuscular estruturada,4050.00,4050.00,0.00
Hospital Neurocardio,Local,Hospital,Multidisciplinar,Mamoplastia de aumento + lipo de aumento,3750.00,3750.00,0.00
Hospital Neurocardio,Local,Hospital,Multidisciplinar,Mamoplastia redutora,4050.00,4050.00,0.00
Hospital Neurocardio,Local,Hospital,Multidisciplinar,Mamoplastia redutora com prótese,4050.00,4050.00,0.00
Hospital Neurocardio,Local,Hospital,Multidisciplinar,Mastopexia com prótese,4050.00,4050.00,0.00
Hospital Neurocardio,Local,Hospital,Multidisciplinar,Mastopexia com protese multiplanos em l,4050.00,4050.00,0.00
Hospital Neurocardio,Local,Hospital,Multidisciplinar,Mastopexia sem prótese,4050.00,4050.00,0.00
Hospital Neurocardio,Local,Hospital,Multidisciplinar,Mini abdominoplastia + lipo de cintura,4050.00,4050.00,0.00
Hospital Neurocardio,Local,Hospital,Multidisciplinar,Mini abdominoplastia + lipo média 2 a 4 horas,3300.00,3300.00,0.00
Hospital Neurocardio,Local,Hospital,Multidisciplinar,Miniabdominoplastia,2900.00,2900.00,0.00
Hospital Neurocardio,Local,Hospital,Multidisciplinar,Ninfoplastia,3200.00,3200.00,0.00
Hospital Neurocardio,Local,Hospital,Multidisciplinar,Ninfoplastia com enxertia de gordura,3200.00,3200.00,0.00
Hospital Neurocardio,Local,Hospital,Multidisciplinar,Ninfoplastia pequenos lábios,3200.00,3200.00,0.00
Hospital Neurocardio,Local,Hospital,Multidisciplinar,Otoplastia,2600.00,2600.00,0.00
Hospital Neurocardio,Local,Hospital,Multidisciplinar,Parto cesárea,1800.00,1800.00,0.00
Hospital Neurocardio,Local,Hospital,Multidisciplinar,Rinoplastia,2600.00,2600.00,0.00
Hospital Neurocardio,Local,Hospital,Multidisciplinar,Rinoplastia c/retirada de costela,2600.00,2600.00,0.00
Hospital Neurocardio,Local,Hospital,Multidisciplinar,Rinoplastia com cartilagem costal,2600.00,2600.00,0.00
Joana Cariri,Profissional,Médico,Instrumentação,Instrumentação abdominoplastia,400.00,400.00,0.00
Joana Cariri,Profissional,Médico,Instrumentação,Instrumentação abdominoplastia + lipoescultura + com ou sem enxertia de glúteo,750.00,750.00,0.00
Joana Cariri,Profissional,Médico,Instrumentação,Instrumentação blefaroplastia inferior,400.00,400.00,0.00
Joana Cariri,Profissional,Médico,Instrumentação,Instrumentação blefaroplastia superior,400.00,400.00,0.00
Joana Cariri,Profissional,Médico,Instrumentação,Instrumentação lipo de cintura + abdominoplastia,750.00,750.00,0.00
Joana Cariri,Profissional,Médico,Instrumentação,Instrumentação lipoescultura,700.00,700.00,0.00
Joana Cariri,Profissional,Médico,Instrumentação,Instrumentação lipo de cintura + abdominoplastia  + enxertia de glúteo,750.00,750.00,0.00
Joana Cariri,Profissional,Médico,Instrumentação,Instrumentação lipoescultura + enxertia de glúteo,750.00,750.00,0.00
Joana Cariri,Profissional,Médico,Instrumentação,Instrumentação mamoplastia de aumento,350.00,350.00,0.00
Joana Cariri,Profissional,Médico,Instrumentação,Instrumentação mamoplastia redutora,550.00,550.00,0.00
Joana Cariri,Profissional,Médico,Instrumentação,Instrumentação mastopexia com prótese,550.00,550.00,0.00
Joana Cariri,Profissional,Médico,Instrumentação,Instrumentação mastopexia sem prótese,550.00,550.00,0.00
Joana Cariri,Profissional,Médico,Instrumentação,Instrumentação ninfoplastia pequenos lábios,400.00,400.00,0.00
Joana Cariri,Profissional,Médico,Instrumentação,Instrumentação otoplastia,400.00,400.00,0.00
Joana Cariri,Profissional,Médico,Instrumentação,Instrumentação rinoplastia,400.00,400.00,0.00
Kleber Garcia,Profissional,Médico,Oncologia,Histerectomia total- tumores malignos,14000.00,11200.00,0.00
Kleber Garcia,Profissional,Médico,Oncologia,Histerectomia total - doença benigna d1372,10000.00,8000.00,0.00
Kleber Garcia,Profissional,Médico,Oncologia,Colectomia parcial,15000.00,12000.00,0.00
Kleber Garcia,Profissional,Médico,Oncologia,Retossigmoidectomia,18000.00,14400.00,0.00
Kleber Garcia,Profissional,Médico,Oncologia,Gastrectomia parcial,14000.00,11200.00,0.00
Kleber Garcia,Profissional,Médico,Oncologia,Gastrectomia total,18000.00,14400.00,0.00
Kleber Garcia,Profissional,Médico,Oncologia,Ressecção de tumores de pâncreas,16000.00,12800.00,0.00
Kleber Garcia,Profissional,Médico,Oncologia,Ressecção de tumores de pele pequenos ( por cada tumor ):,4000.00,3200.00,0.00
Kleber Garcia,Profissional,Médico,Oncologia,Ressecção de tumores de pele grandes ( por cada tumor );,6000.00,4800.00,0.00
Kleber Garcia,Profissional,Médico,Oncologia,Ressecção de grande tumorações abdominais ( doenças variadas ):,16000.00,12800.00,0.00
Labsabin,Local,Laboratório,Exames clínicos,17 hidroxi progesterona,26.00,21.00,25.00
Labsabin,Local,Laboratório,Exames clínicos,Aat - alfa 1 antitripsina,25.00,17.50,20.00
Labsabin,Local,Laboratório,Exames clínicos,"Acido folico, dosagem nos eritrocitos",30.00,21.00,24.00
Labsabin,Local,Laboratório,Exames clínicos,Acido hipurico (para tolueno),16.00,11.20,12.80
Labsabin,Local,Laboratório,Exames clínicos,Acido lactico (lactato),20.00,14.00,16.00
Labsabin,Local,Laboratório,Exames clínicos,Acido urico,12.00,8.40,9.60
Labsabin,Local,Laboratório,Exames clínicos,"Adrenocorticotrofico, hormonio (acth)",40.00,28.00,32.00
Labsabin,Local,Laboratório,Exames clínicos,Aldosterona,40.00,28.00,32.00
Labsabin,Local,Laboratório,Exames clínicos,Alfafeto proteina,500.00,460.00,490.00
Labsabin,Local,Laboratório,Exames clínicos,Amilase,7.00,4.90,5.60
Labsabin,Local,Laboratório,Exames clínicos,"Androstenediona, dosagem",28.00,21.00,25.00
Labsabin,Local,Laboratório,Exames clínicos,Anti ccp,13.00,9.00,10.40
Labsabin,Local,Laboratório,Exames clínicos,Anti hiv i e ii,45.00,31.50,36.00
Labsabin,Local,Laboratório,Exames clínicos,Antigeno australia (hbsag),14.00,9.80,20.00
Labsabin,Local,Laboratório,Exames clínicos,Anti-tpo,25.00,17.50,11.20
Labsabin,Local,Laboratório,Exames clínicos,Beta hcg quantitativo,35.00,24.50,28.00
Labsabin,Local,Laboratório,Exames clínicos,"Bilirrubinas (direta, indireta e total)",12.00,8.40,9.60
Labsabin,Local,Laboratório,Exames clínicos,Calcio,12.00,8.40,9.60
Labsabin,Local,Laboratório,Exames clínicos,Cariotipo c banda g,28.50,20.00,22.80
Labsabin,Local,Laboratório,Exames clínicos,Cea,30.00,21.00,24.00
Labsabin,Local,Laboratório,Exames clínicos,Chagas igg,15.00,10.50,12.00
Labsabin,Local,Laboratório,Exames clínicos,Chagas igm,15.00,10.50,12.00
Labsabin,Local,Laboratório,Exames clínicos,Citomegalovirus igg,25.00,17.50,20.00
Labsabin,Local,Laboratório,Exames clínicos,Citomegalovirus igm,25.00,17.50,20.00
Labsabin,Local,Laboratório,Exames clínicos,Cloro,9.00,6.30,7.20
Labsabin,Local,Laboratório,Exames clínicos,"Coagulograma (ts,tc, tap, ttp)",48.00,33.60,38.40
Labsabin,Local,Laboratório,Exames clínicos,Colesterol (ldl),12.00,8.40,9.60
Labsabin,Local,Laboratório,Exames clínicos,Colesterol (vldl),12.00,8.40,9.60
Labsabin,Local,Laboratório,Exames clínicos,Colesterol hdl,12.00,8.40,9.60
Labsabin,Local,Laboratório,Exames clínicos,Colesterol total,12.00,8.40,9.60
Labsabin,Local,Laboratório,Exames clínicos,Colesterol vdrl,12.00,8.40,9.60
Labsabin,Local,Laboratório,Exames clínicos,Cortisol de jejum,28.50,20.00,22.80
Labsabin,Local,Laboratório,Exames clínicos,Cortisol livre,26.00,21.00,24.00
Labsabin,Local,Laboratório,Exames clínicos,Cpk total - creatino fosfoquinase,20.00,14.00,16.00
Labsabin,Local,Laboratório,Exames clínicos,Creatinina,15.00,10.50,12.00
Labsabin,Local,Laboratório,Exames clínicos,Cultura de urina - com contagem de colônias,24.00,17.00,19.20
Labsabin,Local,Laboratório,Exames clínicos,Cultura de urina com tsa,7.00,5.00,5.60
Labsabin,Local,Laboratório,Exames clínicos,Dehidrotestosterona (dht),30.00,21.00,24.00
Labsabin,Local,Laboratório,Exames clínicos,Dheas - sulfato de dehidroepiandrosterona,39.00,27.30,31.20
Labsabin,Local,Laboratório,Exames clínicos,Eletroforese de proteínas,27.00,18.90,21.60
Labsabin,Local,Laboratório,Exames clínicos,Epf - parasitológico de fezes,12.00,8.40,9.60
Labsabin,Local,Laboratório,Exames clínicos,Estradiol e2,45.00,31.50,36.00
Labsabin,Local,Laboratório,Exames clínicos,Estradiol livre,18.60,13.00,14.88
Labsabin,Local,Laboratório,Exames clínicos,Estrona,18.60,13.00,14.88
Labsabin,Local,Laboratório,Exames clínicos,Estudo genético de microdelecoes,858.00,600.00,686.40
Labsabin,Local,Laboratório,Exames clínicos,"Fator antinucleo, (fan)",35.00,24.50,28.00
Labsabin,Local,Laboratório,Exames clínicos,"Fator reumatoide, quantitativo",12.00,8.40,9.60
Labsabin,Local,Laboratório,Exames clínicos,Ferritina,27.00,19.00,21.60
Labsabin,Local,Laboratório,Exames clínicos,Ferro serico,28.00,19.60,22.40
Labsabin,Local,Laboratório,Exames clínicos,"Fibrinogenio, teste funcional, dosagem",20.00,14.00,16.00
Labsabin,Local,Laboratório,Exames clínicos,Fosfatase alcalina,12.00,8.40,9.60
Labsabin,Local,Laboratório,Exames clínicos,Fosforo,12.00,8.40,9.60
Labsabin,Local,Laboratório,Exames clínicos,Fsh- hormonio foliculo-estimulante,20.00,14.00,16.00
Labsabin,Local,Laboratório,Exames clínicos,Gama gt,12.00,8.40,9.60
Labsabin,Local,Laboratório,Exames clínicos,Glicemia de jejum/glicose em jejum,12.00,8.40,9.60
Labsabin,Local,Laboratório,Exames clínicos,Globulina de ligacao de hormonios sexuais (shbg),43.00,30.10,34.40
Labsabin,Local,Laboratório,Exames clínicos,Grupo sanguineo abo e rh,15.00,10.50,12.00
Labsabin,Local,Laboratório,Exames clínicos,"Hematocrito, determinacao do",17.00,12.00,13.60
Labsabin,Local,Laboratório,Exames clínicos,Hemoglobina glicada (a1 total),12.00,8.40,9.60
Labsabin,Local,Laboratório,Exames clínicos,Hemograma completo,15.00,10.50,12.00
Labsabin,Local,Laboratório,Exames clínicos,Hepatite b - anti hbs,25.00,17.50,20.00
Labsabin,Local,Laboratório,Exames clínicos,Hepatite c -anti hcv,45.00,31.50,36.00
Labsabin,Local,Laboratório,Exames clínicos,Herpes simples - igg,60.00,42.00,48.00
Labsabin,Local,Laboratório,Exames clínicos,Herpes simples - igm,60.00,42.00,48.00
Labsabin,Local,Laboratório,Exames clínicos,Homocisteina,50.00,35.00,40.00
Labsabin,Local,Laboratório,Exames clínicos,Hormonio anti-mulleriano,300.00,210.00,240.00
Labsabin,Local,Laboratório,Exames clínicos,Htlv i e ii - sorologia,50.00,35.00,40.00
Labsabin,Local,Laboratório,Exames clínicos,Igbfp3,38.60,27.00,32.00
Labsabin,Local,Laboratório,Exames clínicos,Igf 3 - igfbp3 proteina ligadora igf3,32.00,23.00,25.60
Labsabin,Local,Laboratório,Exames clínicos,Insulina em jejum,25.00,17.50,20.00
Labsabin,Local,Laboratório,Exames clínicos,Ldh (desidrogenase lactica),12.00,8.40,9.60
Labsabin,Local,Laboratório,Exames clínicos,Lh - hormonio luteinizante,20.00,14.00,16.00
Labsabin,Local,Laboratório,Exames clínicos,Lipase,12.00,8.40,9.60
Labsabin,Local,Laboratório,Exames clínicos,Macroprolactina,31.50,22.00,25.2
Labsabin,Local,Laboratório,Exames clínicos,Magnesio,12.00,8.40,9.60
Labsabin,Local,Laboratório,Exames clínicos,Marcadores ca 125 ii,30.00,21.00,24.00
Labsabin,Local,Laboratório,Exames clínicos,Marcadores ca 150,30.00,21.00,24.00
Labsabin,Local,Laboratório,Exames clínicos,Marcadores ca 15-3,30.00,21.00,24.00
Labsabin,Local,Laboratório,Exames clínicos,Marcadores ca 19-9,30.00,21.00,24.00
Labsabin,Local,Laboratório,Exames clínicos,Marcadores ca 72-4,30.00,21.00,24.00
Labsabin,Local,Laboratório,Exames clínicos,Microalbuminuria,25.00,17.50,20.00
Labsabin,Local,Laboratório,Exames clínicos,Pacote mulher saudavel,229.00,162.40,200.00
Labsabin,Local,Laboratório,Exames clínicos,Paratormonio - pth ou fracao (cada),45.00,31.50,36.00
Labsabin,Local,Laboratório,Exames clínicos,Pcr - proteina c reativa,12.00,8.40,9.60
Labsabin,Local,Laboratório,Exames clínicos,Pesquisa de anticorpos igg contra o virus rubeola,30.00,21.00,24.00
Labsabin,Local,Laboratório,Exames clínicos,Pesquisa de anticorpos igm contra o virus rubeola,20.00,14.00,16.00
Labsabin,Local,Laboratório,Exames clínicos,Potassio serico,12.00,8.40,9.60
Labsabin,Local,Laboratório,Exames clínicos,Progesterona,25.00,17.50,20.00
Labsabin,Local,Laboratório,Exames clínicos,Prolactina (prl),40.00,28.00,32.00
Labsabin,Local,Laboratório,Exames clínicos,Proteina total e frações,12.00,8.40,9.60
Labsabin,Local,Laboratório,Exames clínicos,Proteinuria de 24 horas,15.00,10.50,12.00
Labsabin,Local,Laboratório,Exames clínicos,Psa - total/livre,24.00,17.00,19.20
Labsabin,Local,Laboratório,Exames clínicos,Psa livre,24.00,17.00,19.20
Labsabin,Local,Laboratório,Exames clínicos,Psa total,40.00,28.00,32.00
Labsabin,Local,Laboratório,Exames clínicos,Sangue oculto nas fezes,10.00,7.00,8.00
Labsabin,Local,Laboratório,Exames clínicos,Selenio,46.00,32.20,38.00
Labsabin,Local,Laboratório,Exames clínicos,Sifilis - vdrl,12.00,8.40,9.60
Labsabin,Local,Laboratório,Exames clínicos,Sodio,12.00,8.40,9.60
Labsabin,Local,Laboratório,Exames clínicos,Somatomedina c (igf1),60.00,42.00,48.00
Labsabin,Local,Laboratório,Exames clínicos,Sumário de urina,12.00,8.40,9.60
Labsabin,Local,Laboratório,Exames clínicos,T3 livre,25.00,17.50,20.00
Labsabin,Local,Laboratório,Exames clínicos,T3 total,17.00,11.90,13.60
Labsabin,Local,Laboratório,Exames clínicos,T4 livre,17.00,11.90,13.60
Labsabin,Local,Laboratório,Exames clínicos,T4 total,13.00,9.00,10.40
Labsabin,Local,Laboratório,Exames clínicos,Testosterona livre,25.00,17.50,20.00
Labsabin,Local,Laboratório,Exames clínicos,Testosterona total,25.00,17.50,20.00
Labsabin,Local,Laboratório,Exames clínicos,Tgo - transaminase glutamico oxalacetica,12.00,8.40,9.60
Labsabin,Local,Laboratório,Exames clínicos,Tgp - transaminase glutamico piruvica,12.00,8.40,9.60
Labsabin,Local,Laboratório,Exames clínicos,Tireoglobulina,40.00,28.00,32.00
Labsabin,Local,Laboratório,Exames clínicos,Toxicologico para concurso,150.00,105.00,130.00
Labsabin,Local,Laboratório,Exames clínicos,Toxoplasmose - igm,35.00,24.50,28.00
Labsabin,Local,Laboratório,Exames clínicos,Toxoplasmose igg,35.00,24.50,28.00
Labsabin,Local,Laboratório,Exames clínicos,Tp,12.00,8.40,10.00
Labsabin,Local,Laboratório,Exames clínicos,Transferrina,20.00,14.00,16.00
Labsabin,Local,Laboratório,Exames clínicos,Triglicerideos,12.00,8.40,9.60
Labsabin,Local,Laboratório,Exames clínicos,Tsh,17.00,11.90,13.60
Labsabin,Local,Laboratório,Exames clínicos,Ttpa,12.00,8.40,10.00
Labsabin,Local,Laboratório,Exames clínicos,Ureia,12.00,8.40,9.60
Labsabin,Local,Laboratório,Exames clínicos,Urocultura ( cultura de bacterias p/identificação),15.00,10.50,12.00
Labsabin,Local,Laboratório,Exames clínicos,Velocidade de homossedimentacao (vhs),12.00,8.40,9.60
Labsabin,Local,Laboratório,Exames clínicos,"Vitamina ""d"" 25 hidroxi, dosagem (vitamina d3)",70.00,49.00,56.00
Labsabin,Local,Laboratório,Exames clínicos,"Vitamina a, dosagem",130.00,91.00,104.00
Labsabin,Local,Laboratório,Exames clínicos,Vitamina b12,57.00,42.00,50.00
Labsabin,Local,Laboratório,Exames clínicos,Vitamina c,99.00,69.30,79.20
Labsabin,Local,Laboratório,Exames clínicos,Vitamina d,70.00,49.00,56.00
Labsabin,Local,Laboratório,Exames clínicos,Vitamina e,120.00,84.00,96.00
Labsabin,Local,Laboratório,Exames clínicos,Vitamina k,366.00,256.20,300.00
Labsabin,Local,Laboratório,Exames clínicos,Zinco,40.00,28.00,32.00
Luis Henrique,Profissional,Médico,Urologia,Consulta,400.00,300.00,0.00
Maria Luiza Reis,Local,Consultório,Fisioterapia,10 sessões + intraoperatório mama,2047.50,1575.00,1900.00
Maria Luiza Reis,Local,Consultório,Fisioterapia,5 sessões + intraoperatório mama,1800.00,1000.00,1530.00
Maria Luiza Reis,Local,Consultório,Fisioterapia,10 sessões + intraoperatório corporal,2800.00,2000.00,2500.00
Marilia Gabriela Oliveira,Local,Clínica,Fisioterapia,Pós operatorio mama 5 sessões,1000.00,500.00,750.00
Marilia Gabriela Oliveira,Local,Clínica,Fisioterapia,Pós operatório lipoescultura + abdomên 12 sessões,2000.00,1400.00,1800.00
Matheus Brito Almeida,Profissional,Médico,Cirurgia plástica,Abdome + lipoescultura + enxertia,3762.00,3762.00,0.00
Matheus Brito Almeida,Profissional,Médico,Cirurgia plástica,Abdominoplastia,2255.00,2255.00,0.00
Matheus Brito Almeida,Profissional,Médico,Cirurgia plástica,Abdominoplastia + hérnia,2255.00,2255.00,0.00
Matheus Brito Almeida,Profissional,Médico,Cirurgia plástica,Abdominoplastia + hérnia (com lipo de cintura e sem enxertia),3565.00,3565.00,0.00
Matheus Brito Almeida,Profissional,Médico,Cirurgia plástica,Abdominoplastia + lipo de cintura + costa,3762.00,3762.00,0.00
Matheus Brito Almeida,Profissional,Médico,Cirurgia plástica,Abdominoplastia + lipo de cintura + enxertia,3090.00,3090.00,0.00
Matheus Brito Almeida,Profissional,Médico,Cirurgia plástica,Abdominoplastia + lipo de cintura sem enxertia,2915.00,2915.00,0.00
Matheus Brito Almeida,Profissional,Médico,Cirurgia plástica,Abdominoplastia + lipo média+ hérnia,4412.00,4412.00,0.00
Matheus Brito Almeida,Profissional,Médico,Cirurgia plástica,Abdominoplastia + ninfoplastia,2255.00,2255.00,0.00
Matheus Brito Almeida,Profissional,Médico,Cirurgia plástica,Abdominoplastia + ninfoplastia (com lipo de cintura e sem enxertia),3916.00,3916.00,0.00
Matheus Brito Almeida,Profissional,Médico,Cirurgia plástica,Blefaroplastia inferior,1188.00,1188.00,0.00
Matheus Brito Almeida,Profissional,Médico,Cirurgia plástica,Blefaroplastia superior,1188.00,1188.00,0.00
Matheus Brito Almeida,Profissional,Médico,Cirurgia plástica,Blefaroplastia superior + inferior,1650.00,1650.00,0.00
Matheus Brito Almeida,Profissional,Médico,Cirurgia plástica,Enxertia de glúteo,500.00,500.00,0.00
Matheus Brito Almeida,Profissional,Médico,Cirurgia plástica,Ginecomastia,1870.00,1870.00,0.00
Matheus Brito Almeida,Profissional,Médico,Cirurgia plástica,Lifting braço,2000.00,2000.00,0.00
Matheus Brito Almeida,Profissional,Médico,Cirurgia plástica,Lifting coxa,2200.00,2200.00,0.00
Matheus Brito Almeida,Profissional,Médico,Cirurgia plástica,Lipo de braço,770.00,770.00,0.00
Matheus Brito Almeida,Profissional,Médico,Cirurgia plástica,Lipo de papada com enxertia em face,1650.00,1650.00,0.00
Matheus Brito Almeida,Profissional,Médico,Cirurgia plástica,Lipoaspiração média 2 a 4 horas,2574.00,2574.00,0.00
Matheus Brito Almeida,Profissional,Médico,Cirurgia plástica,Lipoaspiração pequena até 2 horas,2574.00,2574.00,0.00
Matheus Brito Almeida,Profissional,Médico,Cirurgia plástica,Lipoescultura,2574.00,2574.00,0.00
Matheus Brito Almeida,Profissional,Médico,Cirurgia plástica,Lipoescultura + abdome + prótese,4686.00,4686.00,0.00
Matheus Brito Almeida,Profissional,Médico,Cirurgia plástica,Lipoescultura com enxertia + lipo de braço,3014.00,3014.00,0.00
Matheus Brito Almeida,Profissional,Médico,Cirurgia plástica,Lipoescultura com laser,2574.00,2574.00,0.00
Matheus Brito Almeida,Profissional,Médico,Cirurgia plástica,Lipoescutura + mini abdome + enxertia,2860.00,2860.00,0.00
Matheus Brito Almeida,Profissional,Médico,Cirurgia plástica,Mama com prótese + lipoescultura + abdome,5335.00,5335.00,0.00
Matheus Brito Almeida,Profissional,Médico,Cirurgia plástica,Mamoplastia + abdome + lipoescultura,5005.00,5005.00,0.00
Matheus Brito Almeida,Profissional,Médico,Cirurgia plástica,Mamoplastia + lipoescultura,3850.00,3850.00,0.00
Matheus Brito Almeida,Profissional,Médico,Cirurgia plástica,Mamoplastia de aumento,1980.00,1980.00,0.00
Matheus Brito Almeida,Profissional,Médico,Cirurgia plástica,Mamoplastia de aumento + lipo pequena,3835.00,3835.00,0.00
Matheus Brito Almeida,Profissional,Médico,Cirurgia plástica,Mamoplastia redutora,2530.00,2530.00,0.00
Matheus Brito Almeida,Profissional,Médico,Cirurgia plástica,Mastopexia com prótese,2860.00,2860.00,0.00
Matheus Brito Almeida,Profissional,Médico,Cirurgia plástica,Mastopexia sem prótese,2860.00,2860.00,0.00
Matheus Brito Almeida,Profissional,Médico,Cirurgia plástica,Mini abdome com lipo de flancos,1925.00,1925.00,0.00
Matheus Brito Almeida,Profissional,Médico,Cirurgia plástica,Mini abdominoplastia + lipo de cintura,1925.00,1925.00,0.00
Matheus Brito Almeida,Profissional,Médico,Cirurgia plástica,Mini abdominoplastia + lipo média 2 a 4 horas,2860.00,2860.00,0.00
Matheus Brito Almeida,Profissional,Médico,Cirurgia plástica,Mini lipo,1650.00,1650.00,0.00
Matheus Brito Almeida,Profissional,Médico,Cirurgia plástica,Ninfoplastia com enxertia de gordura,1540.00,1540.00,0.00
Matheus Brito Almeida,Profissional,Médico,Cirurgia plástica,Otoplastia,1287.00,1287.00,0.00
Matheus Brito Almeida,Profissional,Médico,Cirurgia plástica,Rinoplastia,2288.00,2288.00,0.00
Matheus Brito Almeida,Profissional,Médico,Cirurgia plástica,Consulta pré-anestésica,220.00,220.00,250.00
Pro-mulher,Local,Clínica,Ginecologia,Usg com doppler mmss venoso (valor unilateral),250.00,100.00,0.00
Pro-mulher,Local,Clínica,Ginecologia,Usg com doppler mmss arterial (valor unilateral),300.00,180.00,0.00
Pro-mulher,Local,Clínica,Ginecologia,Usg com doppler mmii arterial (valor unilateral),70.00,40.00,0.00
Pro-mulher,Local,Clínica,Ginecologia,Holter de 24 horas - 2 ou mais canais - analogico,250.00,150.00,0.00
Pro-mulher,Local,Clínica,Ginecologia,Monitorizacao ambulatorial da pressao arterial - mapa (24 horas),250.00,150.00,0.00
Pro-mulher,Local,Clínica,Ginecologia,Teste ergometrico computadorizado (inclui ecg basal convencional),200.00,150.00,0.00
Ricardo Arcanjo,Profissional,Médico,Cirurgia geral,Retirada de vesícula - colecistectomia vídeo,3800.00,3500.00,0.00
Ricardo Arcanjo,Profissional,Médico,Cirurgia geral,Herniorrafia inguinal unilateral aberta - para hérnias na virilha,4500.00,3000.00,0.00
Ricardo Arcanjo,Profissional,Médico,Cirurgia geral,Herniorrafia umbilical - para hérnia no umbigo,3800.00,2800.00,0.00
Ricardo Arcanjo,Profissional,Médico,Cirurgia geral,Cirurgia bariátrica,11000.00,9000.00,0.00
Ricardo Arcanjo,Profissional,Médico,Cirurgia geral,Herniorrafia inguinal vídeo - hérnias na virilha por vídeo,4000.00,3200.00,0.00
Saluz,Local,Clínica,Multidisciplinar,Aplicação de ata,120.00,90.00,108.00
Saluz,Local,Clínica,Multidisciplinar,Biopsia da vagina (inclui retorno),600.00,450.00,550.00
Saluz,Local,Clínica,Multidisciplinar,Biopsia de colo de utero ou vulva (inclui retonro),600.00,450.00,550.00
Saluz,Local,Clínica,Multidisciplinar,Caf com anestesia local,1000.00,800.00,950.00
Saluz,Local,Clínica,Multidisciplinar,Citologia oncotica de liquidos,300.00,200.00,240.00
Saluz,Local,Clínica,Multidisciplinar,Citologia oncotica tradicional,200.00,125.00,160.00
Saluz,Local,Clínica,Multidisciplinar,Consulta cardiologista,250.00,125.00,150.00
Saluz,Local,Clínica,Multidisciplinar,Consulta cirurgia geral,250.00,125.00,150.00
Saluz,Local,Clínica,Multidisciplinar,Consulta clinico geral,180.00,125.00,150.00
Saluz,Local,Clínica,Multidisciplinar,Consulta endocrinologista,250.00,125.00,150.00
Saluz,Local,Clínica,Multidisciplinar,Consulta geriatra,250.00,125.00,150.00
Saluz,Local,Clínica,Multidisciplinar,Consulta ginecologista,210.00,125.00,150.00
Saluz,Local,Clínica,Multidisciplinar,Consulta nutricionista,180.00,110.00,150.00
Saluz,Local,Clínica,Multidisciplinar,Consulta obstetra,250.00,125.00,150.00
Saluz,Local,Clínica,Multidisciplinar,Consulta ortopedista,250.00,125.00,150.00
Saluz,Local,Clínica,Multidisciplinar,Consulta otorrinolaringologia,250.00,125.00,150.00
Saluz,Local,Clínica,Multidisciplinar,Consulta psicologo,180.00,110.00,150.00
Saluz,Local,Clínica,Multidisciplinar,Consulta psiquiatria,250.00,125.00,150.00
Saluz,Local,Clínica,Multidisciplinar,Drenagem de abscesso de glandula de bartholin,450.00,370.00,437.00
Saluz,Local,Clínica,Multidisciplinar,Eletrocardiograma (ecg),70.00,40.00,50.00
Saluz,Local,Clínica,Multidisciplinar,Exerese de nevus,620.00,450.00,612.00
Saluz,Local,Clínica,Multidisciplinar,Exerese de polipo com histopatologico,600.00,450.00,550.00
Saluz,Local,Clínica,Multidisciplinar,Exerese de polipo endocervical sem histopatologico,450.00,350.00,430.00
Saluz,Local,Clínica,Multidisciplinar,Inserção de diu (de cobre) da clinica,700.00,600.00,695.00
Saluz,Local,Clínica,Multidisciplinar,Inserção de diu (diu da paciente),500.00,450.00,600.00
Saluz,Local,Clínica,Multidisciplinar,Inserção de diu (diu mirena da clinica),1800.00,1600.00,1900.00
Saluz,Local,Clínica,Multidisciplinar,Inserção de diu de cobre e prata da clinica,750.00,700.00,825.00
Saluz,Local,Clínica,Multidisciplinar,Inserção de implanon (implanon da clinica),2200.00,2150.00,2600.00
Saluz,Local,Clínica,Multidisciplinar,Inserção de implanon (implanon da paciente),1000.00,950.00,1150.00
Saluz,Local,Clínica,Multidisciplinar,Inserção de pessário ginecologico,700.00,550.00,670.00
Saluz,Local,Clínica,Multidisciplinar,Marsupialização em consultorio,1400.00,1125.00,1350.00
Saluz,Local,Clínica,Multidisciplinar,Pacote contraceptivo 1 (consulta+inserção de diu de cobra diu da clinica),950.00,630.00,800.00
Saluz,Local,Clínica,Multidisciplinar,Pacote contraceptivo 2 (consulta+implanon),2410.00,2150.00,2500.00
Saluz,Local,Clínica,Multidisciplinar,Pacote ginecologico (consulta+preventivo+transvaginal),590.00,340.00,450.00
Saluz,Local,Clínica,Multidisciplinar,Pacote saude ginecologica,410.00,250.00,300.00
Saluz,Local,Clínica,Multidisciplinar,Pacotes obstetricos 1 (2 morfológica+1 obstetrica simples),880.00,570.00,792.00
Saluz,Local,Clínica,Multidisciplinar,Pacotes obstétricos 2 (6 consultas+2 morfologicas+1 usg obstetrica simples+1 sexagem),2140.00,1550.00,1926.00
Saluz,Local,Clínica,Multidisciplinar,Parecer cardiológico (consulta+eletrocardiograma),310.00,160.00,197.00
Saluz,Local,Clínica,Multidisciplinar,Retirada de diu,200.00,160.00,190.00
Saluz,Local,Clínica,Multidisciplinar,Usg abdome pediátrico a partir de 3 anos de idade,170.00,140.00,165.00
Saluz,Local,Clínica,Multidisciplinar,Usg abdome superior,150.00,130.00,155.00
Saluz,Local,Clínica,Multidisciplinar,Usg abdome total,160.00,140.00,170.00
Saluz,Local,Clínica,Multidisciplinar,Usg mama,160.00,130.00,157.00
Saluz,Local,Clínica,Multidisciplinar,Usg mmi com doppler,320.00,230.00,280.00
Saluz,Local,Clínica,Multidisciplinar,Usg morfologica de primeiro trimestre,290.00,230.00,280.00
Saluz,Local,Clínica,Multidisciplinar,Usg morfologica de segundo trimestre,290.00,230.00,280.00
Saluz,Local,Clínica,Multidisciplinar,Usg musculo esquelético,160.00,125.00,160.00
Saluz,Local,Clínica,Multidisciplinar,Usg obstetrica básica primeiro trimestre,150.00,125.00,145.00
Saluz,Local,Clínica,Multidisciplinar,Usg obstétrica básica segundo e terceiro trimestre),190.00,140.00,170.00
Saluz,Local,Clínica,Multidisciplinar,Usg obstetrica com doppler,230.00,160.00,190.00
Saluz,Local,Clínica,Multidisciplinar,Usg obstetrica gemelar,300.00,110.00,160.00
Saluz,Local,Clínica,Multidisciplinar,Usg ombro,180.00,135.00,160.00
Saluz,Local,Clínica,Multidisciplinar,Usg parede abdmonial,150.00,130.00,150.00
Saluz,Local,Clínica,Multidisciplinar,Usg partes moles,150.00,130.00,150.00
Saluz,Local,Clínica,Multidisciplinar,Usg pélvico,150.00,120.00,150.00
Saluz,Local,Clínica,Multidisciplinar,Usg próstata via abdominal,140.00,130.00,160.00
Saluz,Local,Clínica,Multidisciplinar,Usg região cervical,160.00,130.00,160.00
Saluz,Local,Clínica,Multidisciplinar,Usg região inguinal,160.00,130.00,150.00
Saluz,Local,Clínica,Multidisciplinar,Usg tireoide,150.00,130.00,150.00
Saluz,Local,Clínica,Multidisciplinar,Usg tireoide com doppler,180.00,140.00,170.00
Saluz,Local,Clínica,Multidisciplinar,Usg transvaginal com contagem de folículos,280.00,190.00,250.00
Saluz,Local,Clínica,Multidisciplinar,Usg transvaginal com doppler,170.00,135.00,160.00
Saluz,Local,Clínica,Multidisciplinar,Usg transvaginal simples,150.00,125.00,147.00
Saluz,Local,Clínica,Multidisciplinar,Usg vias urinárias com pré e pós miccional,170.00,135.00,160.00
Saluz,Local,Clínica,Multidisciplinar,Usg vias urinárias simples,140.00,130.00,155.00
Sedilab,Local,Laboratório,Exames clínicos,1.2 dhab urina,"R$ 871,00","R$ 670,00","783,90"
Sedilab,Local,Laboratório,Exames clínicos,11-desoxi cortisol,"R$ 65,00","R$ 50,00","58,50"
Sedilab,Local,Laboratório,Exames clínicos,17 hidroxicorticoides,"R$ 58,50","R$ 45,00","52,65"
Sedilab,Local,Laboratório,Exames clínicos,17-alfa-hidroxiprogesterona,"R$ 41,60","R$ 32,00","37,44"
Sedilab,Local,Laboratório,Exames clínicos,17-alfa-hidroxiprogesterona - ria,"R$ 58,50","R$ 45,00","52,65"
Sedilab,Local,Laboratório,Exames clínicos,17-cetosteroides,"R$ 195,00","R$ 150,00","175,50"
Sedilab,Local,Laboratório,Exames clínicos,Acetona na urina,"R$ 48,10","R$ 37,00","43,29"
Sedilab,Local,Laboratório,Exames clínicos,Acido 2 - tio - tiazolidina 4 - carboxilico - nr7,"R$ 301,60","R$ 232,00","271,44"
Sedilab,Local,Laboratório,Exames clínicos,Acido delta amino levulinico nr7,"R$ 33,80","R$ 26,00","30,42"
Sedilab,Local,Laboratório,Exames clínicos,Acido fenilglioxilico,"R$ 26,00","R$ 20,00","23,40"
Sedilab,Local,Laboratório,Exames clínicos,Acido folico,"R$ 32,50","R$ 25,00","29,25"
Sedilab,Local,Laboratório,Exames clínicos,Acido hipurico,"R$ 15,60","R$ 12,00","14,04"
Sedilab,Local,Laboratório,Exames clínicos,Acido mandelico,"R$ 26,00","R$ 20,00","23,40"
Sedilab,Local,Laboratório,Exames clínicos,Acido metil-hipurico,"R$ 19,50","R$ 15,00","17,55"
Sedilab,Local,Laboratório,Exames clínicos,Acido trans muconico,"R$ 32,50","R$ 25,00","29,25"
Sedilab,Local,Laboratório,Exames clínicos,Acido tricloro acetico,"R$ 88,40","R$ 68,00","79,56"
Sedilab,Local,Laboratório,Exames clínicos,Acido urico,"R$ 5,20","R$ 4,00","4,68"
Sedilab,Local,Laboratório,Exames clínicos,Acido urico - urina 24h,"R$ 7,80","R$ 6,00","7,02"
Sedilab,Local,Laboratório,Exames clínicos,Acido urico - urina amostra isolada,"R$ 7,80","R$ 6,00","7,02"
Sedilab,Local,Laboratório,Exames clínicos,Acido vanil mandelico,"R$ 26,00","R$ 20,00","23,40"
Sedilab,Local,Laboratório,Exames clínicos,Acth - hormonio adrenocorticotrofico,"R$ 39,00","R$ 30,00","35,10"
Sedilab,Local,Laboratório,Exames clínicos,Albumina,"R$ 4,55","R$ 3,50","4,10"
Sedilab,Local,Laboratório,Exames clínicos,Albumina urinaria - 24h,"R$ 7,80","R$ 6,00","7,02"
Sedilab,Local,Laboratório,Exames clínicos,Alfa-1-antitripsina,"R$ 28,60","R$ 22,00","25,74"
Sedilab,Local,Laboratório,Exames clínicos,Alfa-1-glicoproteina acida,"R$ 23,48",,"21,13"
Sedilab,Local,Laboratório,Exames clínicos,Alfa-fetoproteina,"R$ 44,20","R$ 34,00","39,78"
Sedilab,Local,Laboratório,Exames clínicos,Aluminio serico,"R$ 27,30","R$ 21,00","24,57"
Sedilab,Local,Laboratório,Exames clínicos,Aluminio urinario pos jornada,"R$ 58,50","R$ 45,00","52,65"
Sedilab,Local,Laboratório,Exames clínicos,Aluminio urinario pre jornada,"R$ 27,30","R$ 21,00","24,57"
Sedilab,Local,Laboratório,Exames clínicos,Amilase,"R$ 5,20","R$ 4,00","4,68"
Sedilab,Local,Laboratório,Exames clínicos,Anatomo patologico pc pq 10cm anat8,"R$ 156,00","R$ 120,00","140,40"
Sedilab,Local,Laboratório,Exames clínicos,Androstenediona,"R$ 23,40","R$ 18,00","21,06"
Sedilab,Local,Laboratório,Exames clínicos,Anti ccp - cyclic citrullated peptide,"R$ 52,00","R$ 40,00","46,80"
Sedilab,Local,Laboratório,Exames clínicos,Anti endomisio iga,"R$ 33,80","R$ 26,00","30,42"
Sedilab,Local,Laboratório,Exames clínicos,Anti endomisio igg,"R$ 58,50","R$ 45,00","52,65"
Sedilab,Local,Laboratório,Exames clínicos,Anti endomisio igm,"R$ 58,50","R$ 45,00","52,65"
Sedilab,Local,Laboratório,Exames clínicos,Anti gliadina igm,"R$ 52,00","R$ 40,00","46,80"
Sedilab,Local,Laboratório,Exames clínicos,Anti tireoglobulina,"R$ 39,00","R$ 30,00","35,10"
Sedilab,Local,Laboratório,Exames clínicos,Anti transglutaminase iga - tecidual,"R$ 78,00","R$ 60,00","70,20"
Sedilab,Local,Laboratório,Exames clínicos,Anti transglutaminase igg - tecidual,"R$ 91,00","R$ 70,00","81,90"
Sedilab,Local,Laboratório,Exames clínicos,Anti-beta 2 glicoproteina-igg-igm,"R$ 208,00","R$ 160,00","187,20"
Sedilab,Local,Laboratório,Exames clínicos,Anticardiolipina iga,"R$ 39,00","R$ 30,00","35,10"
Sedilab,Local,Laboratório,Exames clínicos,Anticardiolipina igm,"R$ 45,50","R$ 35,00","40,95"
Sedilab,Local,Laboratório,Exames clínicos,Anticorpos anti chikungunya igg,"R$ 104,00","R$ 80,00","93,60"
Sedilab,Local,Laboratório,Exames clínicos,Anticorpos anti chikungunya igm,"R$ 104,00","R$ 80,00","93,60"
Sedilab,Local,Laboratório,Exames clínicos,Anticorpos anti-fosfatidil serina iga,"R$ 234,00","R$ 180,00","210,60"
Sedilab,Local,Laboratório,Exames clínicos,Anticorpos anti-ssa - ro,"R$ 54,60","R$ 42,00","49,14"
Sedilab,Local,Laboratório,Exames clínicos,Anticorpos anti-ssb - la,"R$ 45,50","R$ 35,00","40,95"
Sedilab,Local,Laboratório,Exames clínicos,Anticorpos anti-tireoideanos aat,"R$ 39,00","R$ 30,00","35,10"
Sedilab,Local,Laboratório,Exames clínicos,Anti-nucleossomo anti-cromatina,"R$ 117,00","R$ 90,00","105,30"
Sedilab,Local,Laboratório,Exames clínicos,"Anti-sars-cov-2, anticorpos neutralizantes","R$ 208,00","R$ 160,00","187,20"
Sedilab,Local,Laboratório,Exames clínicos,Anti-sm,"R$ 32,50","R$ 25,00","29,25"
Sedilab,Local,Laboratório,Exames clínicos,Anti-tpo - tireoperoxidase,"R$ 36,40","R$ 28,00","32,76"
Sedilab,Local,Laboratório,Exames clínicos,Arsenio urinario,"R$ 84,50","R$ 65,00","76,05"
Sedilab,Local,Laboratório,Exames clínicos,Aslo,"R$ 6,50","R$ 5,00","5,85"
Sedilab,Local,Laboratório,Exames clínicos,Baciloscopia - baar,"R$ 7,80","R$ 6,00","7,02"
Sedilab,Local,Laboratório,Exames clínicos,Baciloscopia - baar-linfa,"R$ 52,00","R$ 40,00","46,80"
Sedilab,Local,Laboratório,Exames clínicos,Bacterioscopia - gram,"R$ 7,80","R$ 6,00","7,02"
Sedilab,Local,Laboratório,Exames clínicos,Bacterioscopia de urina - gram,"R$ 7,80","R$ 6,00","7,02"
Sedilab,Local,Laboratório,Exames clínicos,Beta-hcg quantitativo,"R$ 20,80","R$ 16,00","18,72"
Sedilab,Local,Laboratório,Exames clínicos,B-hcg,"R$ 10,40","R$ 8,00","9,36"
Sedilab,Local,Laboratório,Exames clínicos,B-hcg plus,"R$ 10,40","R$ 8,00","9,36"
Sedilab,Local,Laboratório,Exames clínicos,B-hcg quantitativo,"R$ 32,50","R$ 25,00","29,25"
Sedilab,Local,Laboratório,Exames clínicos,Bilirrubina direta,"R$ 4,55","R$ 3,50","4,10"
Sedilab,Local,Laboratório,Exames clínicos,Bilirrubina total,"R$ 4,55","R$ 3,50","4,10"
Sedilab,Local,Laboratório,Exames clínicos,Bilirrubinas,,"R$ 7,00","0,00"
Sedilab,Local,Laboratório,Exames clínicos,Bnp - peptideo natriuretico,"R$ 490,10","R$ 377,00","441,09"
Sedilab,Local,Laboratório,Exames clínicos,Brucelose igg,"R$ 80,60","R$ 62,00","72,54"
Sedilab,Local,Laboratório,Exames clínicos,Brucelose igm,"R$ 301,60","R$ 232,00","271,44"
Sedilab,Local,Laboratório,Exames clínicos,Ca 72.4,"R$ 28,60","R$ 22,00","25,74"
Sedilab,Local,Laboratório,Exames clínicos,Ca19.9,"R$ 39,00","R$ 30,00","35,10"
Sedilab,Local,Laboratório,Exames clínicos,Cadmio,"R$ 45,50","R$ 35,00","40,95"
Sedilab,Local,Laboratório,Exames clínicos,Cadmio urinario pre jornada,"R$ 49,40","R$ 38,00","44,46"
Sedilab,Local,Laboratório,Exames clínicos,Calcio,"R$ 6,50","R$ 5,00","5,85"
Sedilab,Local,Laboratório,Exames clínicos,"Calcio - urina comum, calciuria","R$ 7,80","R$ 6,00","7,02"
Sedilab,Local,Laboratório,Exames clínicos,Calcio ionico,"R$ 15,60","R$ 12,00","14,04"
Sedilab,Local,Laboratório,Exames clínicos,Calprotectina fecal,"R$ 182,00","R$ 140,00","163,80"
Sedilab,Local,Laboratório,Exames clínicos,Capacidade latente de ligacao do ferro,"R$ 7,80","R$ 6,00","7,02"
Sedilab,Local,Laboratório,Exames clínicos,Capacidade total de fixacao do ferro tibc,"R$ 7,80","R$ 6,00","7,02"
Sedilab,Local,Laboratório,Exames clínicos,Carboxihemoglobina,"R$ 18,20","R$ 14,00","16,38"
Sedilab,Local,Laboratório,Exames clínicos,Caxumba igg,"R$ 45,50","R$ 35,00","40,95"
Sedilab,Local,Laboratório,Exames clínicos,Caxumba igm,"R$ 45,50","R$ 35,00","40,95"
Sedilab,Local,Laboratório,Exames clínicos,Cea - antigeno carcinoembriogenico,"R$ 26,00","R$ 20,00","23,40"
Sedilab,Local,Laboratório,Exames clínicos,Celulas natural killer - cd56,"R$ 169,00","R$ 130,00","152,10"
Sedilab,Local,Laboratório,Exames clínicos,Chagas - anticorpos igg,"R$ 19,50","R$ 15,00","17,55"
Sedilab,Local,Laboratório,Exames clínicos,Chagas - anticorpos igm,"R$ 19,50","R$ 15,00","17,55"
Sedilab,Local,Laboratório,Exames clínicos,Chumbo sangue,"R$ 19,50","R$ 15,00","17,55"
Sedilab,Local,Laboratório,Exames clínicos,Chumbo urina nr7,"R$ 23,40","R$ 18,00","21,06"
Sedilab,Local,Laboratório,Exames clínicos,Cistina,"R$ 247,00","R$ 190,00","222,30"
Sedilab,Local,Laboratório,Exames clínicos,Citomegalovirus igg,"R$ 19,50","R$ 15,00","17,55"
Sedilab,Local,Laboratório,Exames clínicos,Citomegalovirus igm,"R$ 19,50","R$ 15,00","17,55"
Sedilab,Local,Laboratório,Exames clínicos,Clearance de creatinina,"R$ 13,00","R$ 10,00","11,70"
Sedilab,Local,Laboratório,Exames clínicos,Coagulograma,"R$ 39,00","R$ 30,00","35,10"
Sedilab,Local,Laboratório,Exames clínicos,Cobalto urinario,"R$ 104,00","R$ 80,00","93,60"
Sedilab,Local,Laboratório,Exames clínicos,Cobre serico,"R$ 15,60","R$ 12,00","14,04"
Sedilab,Local,Laboratório,Exames clínicos,Cobre urinario,"R$ 19,50","R$ 15,00","17,55"
Sedilab,Local,Laboratório,Exames clínicos,Colesterol hdl,"R$ 4,55","R$ 3,50","4,10"
Sedilab,Local,Laboratório,Exames clínicos,Colesterol ldl,"R$ 4,55","R$ 3,50","4,10"
Sedilab,Local,Laboratório,Exames clínicos,Colesterol total,"R$ 4,55","R$ 3,50","4,10"
Sedilab,Local,Laboratório,Exames clínicos,Colesterol vldl,"R$ 4,55","R$ 3,50","4,10"
Sedilab,Local,Laboratório,Exames clínicos,Colinesterase plasmatica,"R$ 4,55","R$ 3,50","4,10"
Sedilab,Local,Laboratório,Exames clínicos,Coprocultura,"R$ 23,40","R$ 18,00","21,06"
Sedilab,Local,Laboratório,Exames clínicos,Cortisol,"R$ 13,00","R$ 10,00","11,70"
Sedilab,Local,Laboratório,Exames clínicos,Cpk,"R$ 10,40","R$ 8,00","9,36"
Sedilab,Local,Laboratório,Exames clínicos,Cpkmb,"R$ 26,00","R$ 20,00","23,40"
Sedilab,Local,Laboratório,Exames clínicos,Cpkmb massa,"R$ 39,00","R$ 30,00","35,10"
Sedilab,Local,Laboratório,Exames clínicos,Creatinina,"R$ 4,55","R$ 3,50","4,10"
Sedilab,Local,Laboratório,Exames clínicos,Cromo urinario,"R$ 31,20","R$ 24,00","28,08"
Sedilab,Local,Laboratório,Exames clínicos,Cultura streptococcus agalactiae,"R$ 65,00","R$ 50,00","58,50"
Sedilab,Local,Laboratório,Exames clínicos,D dimero,"R$ 166,40","R$ 128,00","149,76"
Sedilab,Local,Laboratório,Exames clínicos,Dengue - anticorpos igm igg,"R$ 39,00","R$ 30,00","35,10"
Sedilab,Local,Laboratório,Exames clínicos,Dhea - dehidroepiandrosterona,"R$ 32,50","R$ 25,00","29,25"
Sedilab,Local,Laboratório,Exames clínicos,Dhl- desidrogenase lactica,"R$ 5,20","R$ 4,00","4,68"
Sedilab,Local,Laboratório,Exames clínicos,Dihidrotestosterona - dht,"R$ 52,00","R$ 40,00","46,80"
Sedilab,Local,Laboratório,Exames clínicos,Dosagem de paraminofenol- nr7,"R$ 416,00","R$ 320,00","374,40"
Sedilab,Local,Laboratório,Exames clínicos,Eletroforese de hemoglobina,"R$ 19,50","R$ 15,00","17,55"
Sedilab,Local,Laboratório,Exames clínicos,Eletroforese de proteínas,"R$ 26,00","R$ 20,00","23,40"
Sedilab,Local,Laboratório,Exames clínicos,Epf,"R$ 4,55","R$ 3,50","4,10"
Sedilab,Local,Laboratório,Exames clínicos,Epf-2,"R$ 4,55","R$ 3,50","4,10"
Sedilab,Local,Laboratório,Exames clínicos,Epf-3,"R$ 4,55","R$ 3,50","4,10"
Sedilab,Local,Laboratório,Exames clínicos,Equ completo,"R$ 4,55","R$ 3,50","4,10"
Sedilab,Local,Laboratório,Exames clínicos,Espermocultura,"R$ 84,50","R$ 65,00","76,05"
Sedilab,Local,Laboratório,Exames clínicos,Espermograma pos vasectomia,"R$ 52,00","R$ 40,00","46,80"
Sedilab,Local,Laboratório,Exames clínicos,Estanho urinario,"R$ 166,40","R$ 128,00","149,76"
Sedilab,Local,Laboratório,Exames clínicos,Estradiol- e2,"R$ 23,40","R$ 18,00","21,06"
Sedilab,Local,Laboratório,Exames clínicos,Estriol,"R$ 20,80","R$ 16,00","18,72"
Sedilab,Local,Laboratório,Exames clínicos,Estrona - el,"R$ 23,40","R$ 18,00","21,06"
Sedilab,Local,Laboratório,Exames clínicos,Etanol determinacao em etilometro ar expirado,"R$ 13,00","R$ 10,00","11,70"
Sedilab,Local,Laboratório,Exames clínicos,Etanol sangue,"R$ 46,80","R$ 36,00","42,12"
Sedilab,Local,Laboratório,Exames clínicos,Etanol urinario,"R$ 42,90","R$ 33,00","38,61"
Sedilab,Local,Laboratório,Exames clínicos,Etilometro,"R$ 13,00","R$ 10,00","11,70"
Sedilab,Local,Laboratório,Exames clínicos,Fenol urinario,"R$ 23,40","R$ 18,00","21,06"
Sedilab,Local,Laboratório,Exames clínicos,Ferritina,"R$ 14,95","R$ 11,50","13,46"
Sedilab,Local,Laboratório,Exames clínicos,Ferro serico,"R$ 7,80","R$ 6,00","7,02"
Sedilab,Local,Laboratório,Exames clínicos,Ferro urinario 24 horas,"R$ 78,00","R$ 60,00","70,20"
Sedilab,Local,Laboratório,Exames clínicos,Fluoreto urinario pre jornada - nr7,"R$ 31,20","R$ 24,00","28,08"
Sedilab,Local,Laboratório,Exames clínicos,Fluoretos - fluor urina 24h,"R$ 52,00","R$ 40,00","46,80"
Sedilab,Local,Laboratório,Exames clínicos,Fosfatase acida prostatica,"R$ 15,60","R$ 12,00","14,04"
Sedilab,Local,Laboratório,Exames clínicos,Fosfatase alcalina,"R$ 4,94","R$ 3,80","4,45"
Sedilab,Local,Laboratório,Exames clínicos,Fta-abs igg,"R$ 19,50","R$ 15,00","17,55"
Sedilab,Local,Laboratório,Exames clínicos,Fta-abs igm,"R$ 19,50","R$ 15,00","17,55"
Sedilab,Local,Laboratório,Exames clínicos,Gama-gt,"R$ 5,20","R$ 4,00","4,68"
Sedilab,Local,Laboratório,Exames clínicos,Gh - hormonio do crescimento humano,"R$ 26,00","R$ 20,00","23,40"
Sedilab,Local,Laboratório,Exames clínicos,Glicose,"R$ 4,55","R$ 3,50","4,10"
Sedilab,Local,Laboratório,Exames clínicos,Glicose pos prandial,"R$ 4,55","R$ 3,50","4,10"
Sedilab,Local,Laboratório,Exames clínicos,Glucagon,"R$ 224,90","R$ 173,00","202,41"
Sedilab,Local,Laboratório,Exames clínicos,Grupo sanguíneo e fator rh-du,"R$ 6,50","R$ 5,00","5,85"
Sedilab,Local,Laboratório,Exames clínicos,Hemoglobina glicada,"R$ 15,60","R$ 12,00","14,04"
Sedilab,Local,Laboratório,Exames clínicos,Hemograma,"R$ 4,55","R$ 3,50","4,10"
Sedilab,Local,Laboratório,Exames clínicos,Hemograma completo,"R$ 7,80","R$ 6,00","7,02"
Sedilab,Local,Laboratório,Exames clínicos,Hepatite a - anti hav igg,"R$ 23,40","R$ 18,00","21,06"
Sedilab,Local,Laboratório,Exames clínicos,Hepatite a - anti hav igm,"R$ 19,50","R$ 15,00","17,55"
Sedilab,Local,Laboratório,Exames clínicos,Hepatite a - anti hav total,"R$ 19,50","R$ 15,00","17,55"
Sedilab,Local,Laboratório,Exames clínicos,Hepatite b - anti hbc,"R$ 19,50","R$ 15,00","17,55"
Sedilab,Local,Laboratório,Exames clínicos,Hepatite b - anti hbc igg,"R$ 14,30","R$ 11,00","12,87"
Sedilab,Local,Laboratório,Exames clínicos,Hepatite b - anti hbc igm,"R$ 14,30","R$ 11,00","12,87"
Sedilab,Local,Laboratório,Exames clínicos,Hepatite b - anti hbs,"R$ 14,30","R$ 11,00","12,87"
Sedilab,Local,Laboratório,Exames clínicos,Hepatite b - anti hbs - qualitativo,"R$ 19,50","R$ 15,00","17,55"
Sedilab,Local,Laboratório,Exames clínicos,Hepatite b - anti-hbe,"R$ 18,20","R$ 14,00","16,38"
Sedilab,Local,Laboratório,Exames clínicos,Hepatite b - hbeag,"R$ 18,20","R$ 14,00","16,38"
Sedilab,Local,Laboratório,Exames clínicos,Hepatite b - hbsag,"R$ 14,30","R$ 11,00","12,87"
Sedilab,Local,Laboratório,Exames clínicos,Hepatite c - anti hcv,"R$ 14,30","R$ 11,00","12,87"
Sedilab,Local,Laboratório,Exames clínicos,Hexanodiona 2.5,"R$ 26,00","R$ 20,00","23,40"
Sedilab,Local,Laboratório,Exames clínicos,Hiv - pesquisa de anticorpos 1 e 2,"R$ 19,50","R$ 15,00","17,55"
Sedilab,Local,Laboratório,Exames clínicos,Homocisteina,"R$ 71,50","R$ 55,00","64,35"
Sedilab,Local,Laboratório,Exames clínicos,Hormonio foliculo estimulante - fsh,"R$ 19,50","R$ 15,00","17,55"
Sedilab,Local,Laboratório,Exames clínicos,Htlv i e ii,"R$ 26,00","R$ 20,00","23,40"
Sedilab,Local,Laboratório,Exames clínicos,Ige - venenos de abelha - i1,"R$ 32,50","R$ 25,00","29,25"
Sedilab,Local,Laboratório,Exames clínicos,Ige especifico i3 - venenos - vespa,"R$ 32,50","R$ 25,00","29,25"
Sedilab,Local,Laboratório,Exames clínicos,Ige especifico i4 - venenos - marimbondo.vespa,"R$ 41,60","R$ 32,00","37,44"
Sedilab,Local,Laboratório,Exames clínicos,Ige especifico k20 - ocupacionais - la,"R$ 32,50","R$ 25,00","29,25"
Sedilab,Local,Laboratório,Exames clínicos,Ige especifico para amendoim - f13,"R$ 28,60","R$ 22,00","25,74"
Sedilab,Local,Laboratório,Exames clínicos,Igf-1 somatomedina c,"R$ 39,00","R$ 30,00","35,10"
Sedilab,Local,Laboratório,Exames clínicos,Igfbp-3 proteina ligadora igf-1,"R$ 104,00","R$ 80,00","93,60"
Sedilab,Local,Laboratório,Exames clínicos,Imunoglobulina d - igo,"R$ 104,00","R$ 80,00","93,60"
Sedilab,Local,Laboratório,Exames clínicos,Imunoglobulina e - ige,"R$ 15,60","R$ 12,00","14,04"
Sedilab,Local,Laboratório,Exames clínicos,Imunoglobulina e - ige total,"R$ 19,50","R$ 15,00","17,55"
Sedilab,Local,Laboratório,Exames clínicos,Indice de homa - beta,"R$ 52,00","R$ 40,00","46,80"
Sedilab,Local,Laboratório,Exames clínicos,Indice de saturacao da transferrina,"R$ 26,00","R$ 20,00","23,40"
Sedilab,Local,Laboratório,Exames clínicos,Insulina,"R$ 39,00","R$ 30,00","35,10"
Sedilab,Local,Laboratório,Exames clínicos,Intolerancia lactose polimorfismo - lactogen,"R$ 182,00","R$ 140,00","163,80"
Sedilab,Local,Laboratório,Exames clínicos,Kttp,"R$ 6,50","R$ 5,00","5,85"
Sedilab,Local,Laboratório,Exames clínicos,"Lamotrigina serico, dosagem","R$ 260,00","R$ 200,00","234,00"
Sedilab,Local,Laboratório,Exames clínicos,Lh - hormonio luteinizante,"R$ 13,00","R$ 10,00","11,70"
Sedilab,Local,Laboratório,Exames clínicos,Lipase,"R$ 26,00","R$ 20,00","23,40"
Sedilab,Local,Laboratório,Exames clínicos,Magnesio,"R$ 6,50","R$ 5,00","5,85"
Sedilab,Local,Laboratório,Exames clínicos,Magnesio eritrocitario,"R$ 364,00","R$ 280,00","327,60"
Sedilab,Local,Laboratório,Exames clínicos,Manganes serico,"R$ 32,50","R$ 25,00","29,25"
Sedilab,Local,Laboratório,Exames clínicos,Manganes urinario pre jornada,"R$ 32,50","R$ 25,00","29,25"
Sedilab,Local,Laboratório,Exames clínicos,Mercurio urinario pre jornada,"R$ 58,50","R$ 45,00","52,65"
Sedilab,Local,Laboratório,Exames clínicos,Metahemoglobina,"R$ 49,40","R$ 38,00","44,46"
Sedilab,Local,Laboratório,Exames clínicos,Metanefrinas - amostra isolada,"R$ 676,00","R$ 520,00","608,40"
Sedilab,Local,Laboratório,Exames clínicos,Metanefrinas fracoes urina 24 horas,"R$ 140,40","R$ 108,00","126,36"
Sedilab,Local,Laboratório,Exames clínicos,Metanol urina,"R$ 26,00","R$ 20,00","23,40"
Sedilab,Local,Laboratório,Exames clínicos,Metil etil cetona,"R$ 58,50","R$ 45,00","52,65"
Sedilab,Local,Laboratório,Exames clínicos,Metil isobutil cetona urinaria - nr7,"R$ 179,40","R$ 138,00","161,46"
Sedilab,Local,Laboratório,Exames clínicos,Micologico direto,"R$ 10,40","R$ 8,00","9,36"
Sedilab,Local,Laboratório,Exames clínicos,Micologico direto - fungos,"R$ 10,40","R$ 8,00","9,36"
Sedilab,Local,Laboratório,Exames clínicos,Microalbumina urina 24 horas,"R$ 26,00","R$ 20,00","23,40"
Sedilab,Local,Laboratório,Exames clínicos,Níquel serico,"R$ 32,50","R$ 25,00","29,25"
Sedilab,Local,Laboratório,Exames clínicos,Níquel urinario pre-jornada,"R$ 49,40","R$ 38,00","44,46"
Sedilab,Local,Laboratório,Exames clínicos,N-metilformamida - urina,"R$ 163,80","R$ 126,00","147,42"
Sedilab,Local,Laboratório,Exames clínicos,Nt probnp,"R$ 286,00","R$ 220,00","257,40"
Sedilab,Local,Laboratório,Exames clínicos,Osmolaridade urina,"R$ 58,50","R$ 45,00","52,65"
Sedilab,Local,Laboratório,Exames clínicos,P - nitrofenol - urina,"R$ 418,60","R$ 322,00","376,74"
Sedilab,Local,Laboratório,Exames clínicos,Parasitologico direto trypanosoma cruzi - doenca de chagas,"R$ 52,00","R$ 40,00","46,80"
Sedilab,Local,Laboratório,Exames clínicos,Paratormonio - pth,"R$ 65,00","R$ 50,00","58,50"
Sedilab,Local,Laboratório,Exames clínicos,Pcr - infecções sexualmente transmissíveis,"R$ 286,00","R$ 220,00","257,40"
Sedilab,Local,Laboratório,Exames clínicos,Pentaclorofenol po da china - urina,"R$ 504,40","R$ 388,00","453,96"
Sedilab,Local,Laboratório,Exames clínicos,Perfil lipidico,"R$ 23,14","R$ 17,80","20,83"
Sedilab,Local,Laboratório,Exames clínicos,Pesquisa chlamydia pcr,"R$ 234,00","R$ 180,00","210,60"
Sedilab,Local,Laboratório,Exames clínicos,Pesquisa de haemophilus ducrey,"R$ 13,00","R$ 10,00","11,70"
Sedilab,Local,Laboratório,Exames clínicos,Pesquisa de sangue oculto-fezes,"R$ 15,60","R$ 12,00","14,04"
Sedilab,Local,Laboratório,Exames clínicos,Pl,"R$ 5,20","R$ 4,00","4,68"
Sedilab,Local,Laboratório,Exames clínicos,"Plasmodium, pesquisa direta","R$ 39,00","R$ 30,00","35,10"
Sedilab,Local,Laboratório,Exames clínicos,Potassio,"R$ 5,20","R$ 4,00","4,68"
Sedilab,Local,Laboratório,Exames clínicos,Progesterona,"R$ 19,50","R$ 15,00","17,55"
Sedilab,Local,Laboratório,Exames clínicos,Prolactina,"R$ 19,50","R$ 15,00","17,55"
Sedilab,Local,Laboratório,Exames clínicos,Proteína c funcional,"R$ 117,00","R$ 90,00","105,30"
Sedilab,Local,Laboratório,Exames clínicos,Proteina c reativa,"R$ 6,50","R$ 5,00","5,85"
Sedilab,Local,Laboratório,Exames clínicos,Proteína c reativa quantitativa,"R$ 6,50","R$ 5,00","5,85"
Sedilab,Local,Laboratório,Exames clínicos,Proteína s funcional,"R$ 169,00","R$ 130,00","152,10"
Sedilab,Local,Laboratório,Exames clínicos,Proteínas totais e fracoes,"R$ 13,00","R$ 10,00","11,70"
Sedilab,Local,Laboratório,Exames clínicos,Proteinuria urina 24 h,"R$ 10,40","R$ 8,00","9,36"
Sedilab,Local,Laboratório,Exames clínicos,Psa livre-total,"R$ 19,50","R$ 15,00","17,55"
Sedilab,Local,Laboratório,Exames clínicos,Psa total,"R$ 16,90","R$ 13,00","15,21"
Sedilab,Local,Laboratório,Exames clínicos,Rc,"R$ 5,20","R$ 4,00","4,68"
Sedilab,Local,Laboratório,Exames clínicos,Resistencia a proteina c ativada rpca,"R$ 390,00","R$ 300,00","351,00"
Sedilab,Local,Laboratório,Exames clínicos,Reticulocitos,"R$ 7,80","R$ 6,00","7,02"
Sedilab,Local,Laboratório,Exames clínicos,Rubeola igg,"R$ 23,40","R$ 18,00","21,06"
Sedilab,Local,Laboratório,Exames clínicos,Rubeola igm,"R$ 26,00","R$ 20,00","23,40"
Sedilab,Local,Laboratório,Exames clínicos,Rx do calcaneo,"R$ 58,50","R$ 45,00","52,65"
Sedilab,Local,Laboratório,Exames clínicos,Sarampo - anticorpos igg,"R$ 58,50","R$ 45,00","52,65"
Sedilab,Local,Laboratório,Exames clínicos,Sars-cov-2 antigeno - teste rapido,"R$ 78,00","R$ 60,00","70,20"
Sedilab,Local,Laboratório,Exames clínicos,Sars-cov-2 covid-19 ab,"R$ 325,00","R$ 250,00","292,50"
Sedilab,Local,Laboratório,Exames clínicos,Sars-cov-2 igm-igg teste rapido,"R$ 195,00","R$ 150,00","175,50"
Sedilab,Local,Laboratório,Exames clínicos,Sars-cov-2 pesquisa antigeno viral,"R$ 156,00","R$ 120,00","140,40"
Sedilab,Local,Laboratório,Exames clínicos,Sars-cov-2 rt-pcr,"R$ 299,00","R$ 230,00","269,10"
Sedilab,Local,Laboratório,Exames clínicos,Sars-cov-2 sorologia igm-igg,"R$ 143,00","R$ 110,00","128,70"
Sedilab,Local,Laboratório,Exames clínicos,S-dhea - sulfato de dehidroepiandrosterona,"R$ 52,00","R$ 40,00","46,80"
Sedilab,Local,Laboratório,Exames clínicos,Shbg - globulina de ligacao de hormonios sexuais,"R$ 19,50","R$ 15,00","17,55"
Sedilab,Local,Laboratório,Exames clínicos,Sodio,"R$ 5,20","R$ 4,00","4,68"
Sedilab,Local,Laboratório,Exames clínicos,Sumário de urina,"R$ 4,55","R$ 3,50","4,10"
Sedilab,Local,Laboratório,Exames clínicos,T3 - triiodotironina livre,"R$ 10,40","R$ 8,00","9,36"
Sedilab,Local,Laboratório,Exames clínicos,T3 - triiodotironina reverso,"R$ 58,50","R$ 45,00","52,65"
Sedilab,Local,Laboratório,Exames clínicos,T3 - triiodotironina total,"R$ 10,40","R$ 8,00","9,36"
Sedilab,Local,Laboratório,Exames clínicos,T4 - tiroxina,"R$ 10,40","R$ 8,00","9,36"
Sedilab,Local,Laboratório,Exames clínicos,T4 - tiroxina livre,"R$ 10,40","R$ 8,00","9,36"
Sedilab,Local,Laboratório,Exames clínicos,Tc,"R$ 3,90","R$ 3,00","3,51"
Sedilab,Local,Laboratório,Exames clínicos,Teste de falcizacao - pesquisa hemoglobina s,"R$ 7,80","R$ 6,00","7,02"
Sedilab,Local,Laboratório,Exames clínicos,Testosterona biodisponivel,"R$ 65,00","R$ 50,00","58,50"
Sedilab,Local,Laboratório,Exames clínicos,Testosterona livre,"R$ 13,00","R$ 10,00","11,70"
Sedilab,Local,Laboratório,Exames clínicos,Testosterona total,"R$ 13,00","R$ 10,00","11,70"
Sedilab,Local,Laboratório,Exames clínicos,Tgo,"R$ 4,94","R$ 3,80","4,45"
Sedilab,Local,Laboratório,Exames clínicos,Tgp,"R$ 4,94","R$ 3,80","4,45"
Sedilab,Local,Laboratório,Exames clínicos,Toxicologico em cabelo,"R$ 169,00","R$ 130,00","152,10"
Sedilab,Local,Laboratório,Exames clínicos,Toxicologico para cnh,"R$ 156,00","R$ 120,00","140,40"
Sedilab,Local,Laboratório,Exames clínicos,Toxoplasmose igg,"R$ 19,50","R$ 15,00","17,55"
Sedilab,Local,Laboratório,Exames clínicos,Toxoplasmose igm,"R$ 19,50","R$ 15,00","17,55"
Sedilab,Local,Laboratório,Exames clínicos,Tp,"R$ 6,50","R$ 5,00","5,85"
Sedilab,Local,Laboratório,Exames clínicos,Triagem toxicologica,"R$ 156,00","R$ 120,00","140,40"
Sedilab,Local,Laboratório,Exames clínicos,Triclorocompostos,"R$ 41,60","R$ 32,00","37,44"
Sedilab,Local,Laboratório,Exames clínicos,Triglicerideos,"R$ 4,94","R$ 3,80","4,45"
Sedilab,Local,Laboratório,Exames clínicos,Troponina cardíaca tn i,"R$ 39,00","R$ 30,00","35,10"
Sedilab,Local,Laboratório,Exames clínicos,Ts,"R$ 3,90","R$ 3,00","3,51"
Sedilab,Local,Laboratório,Exames clínicos,Tsh - hormonio tireoestimulante,"R$ 6,50","R$ 5,00","5,85"
Sedilab,Local,Laboratório,Exames clínicos,Ureia,"R$ 4,55","R$ 3,50","4,10"
Sedilab,Local,Laboratório,Exames clínicos,Urocultura,"R$ 28,60","R$ 22,00","25,74"
Sedilab,Local,Laboratório,Exames clínicos,Usg transvaginal,"R$ 130,00","R$ 100,00","117,00"
Sedilab,Local,Laboratório,Exames clínicos,Varicela zoster igg,"R$ 52,00","R$ 40,00","46,80"
Sedilab,Local,Laboratório,Exames clínicos,Vdrl,"R$ 5,20","R$ 4,00","4,68"
Sedilab,Local,Laboratório,Exames clínicos,Vhs,"R$ 5,20","R$ 4,00","4,68"
Sedilab,Local,Laboratório,Exames clínicos,Virus anticorpos igm,"R$ 221,00","R$ 170,00","198,90"
Sedilab,Local,Laboratório,Exames clínicos,Vitamina a,"R$ 39,00","R$ 30,00","35,10"
Sedilab,Local,Laboratório,Exames clínicos,Vitamina b1,"R$ 169,00","R$ 130,00","152,10"
Sedilab,Local,Laboratório,Exames clínicos,Vitamina b12,"R$ 19,50","R$ 15,00","17,55"
Sedilab,Local,Laboratório,Exames clínicos,Vitamina c,"R$ 117,00","R$ 90,00","105,30"
Sedilab,Local,Laboratório,Exames clínicos,Vitamina d 1.25 dihidroxi,"R$ 71,50","R$ 55,00","64,35"
Sedilab,Local,Laboratório,Exames clínicos,Vitamina d 25 hidroxi - vitamina d3,"R$ 28,60","R$ 22,00","25,74"
Sedilab,Local,Laboratório,Exames clínicos,Vitamina k,"R$ 448,50","R$ 345,00","403,65"
Sedilab,Local,Laboratório,Exames clínicos,Zika virus anticorpos igg,"R$ 221,00","R$ 170,00","198,90"
Sedilab,Local,Laboratório,Exames clínicos,Zinco serico,"R$ 26,00","R$ 20,00","23,40"
Sedilab,Local,Laboratório,Exames clínicos,Zinco urina,"R$ 52,00","R$ 40,00","46,80"
Spa Express,Local,Clínica,Fisioterapia,"Combo total (pré,intra e pós-operatorio)",1940.00,1610.00,0.00
Spa Express,Local,Clínica,Fisioterapia,Combo ligth(intra e pós-operatório),1760.00,1460.00,0.00
Spa Express,Local,Clínica,Fisioterapia,Combo pós-parto plus,1760.00,1460.00,0.00
Spa Express,Local,Clínica,Fisioterapia,Combo facial(intra e pós-operatório),1300.00,1095.00,0.00
Spa Express,Local,Clínica,Fisioterapia,Combo pós-parto( pós-operatório),1600.00,1328.00,0.00
Spa Express,Local,Clínica,Fisioterapia,Combo drenagem pós-operatório),1320.00,1095.00,0.00
Tercio Coelho,Profissional,Médico,Cirurgia plástica,Abdominoplastia,11880.00,9900.00,0.00
Tercio Coelho,Profissional,Médico,Cirurgia plástica,Abdominoplastia em ancora,13200.00,11000.00,0.00
Tercio Coelho,Profissional,Médico,Cirurgia plástica,Blefaroplastia superior,5280.00,4400.00,0.00
Tercio Coelho,Profissional,Médico,Cirurgia plástica,Blefaroplastia superior + inferior + cantopexia ou cantoplastia,10560.00,8800.00,0.00
Tercio Coelho,Profissional,Médico,Cirurgia plástica,Braquioplastia,9900.00,8250.00,0.00
Tercio Coelho,Profissional,Médico,Cirurgia plástica,Consulta,350.00,275.00,330.00
Tercio Coelho,Profissional,Médico,Cirurgia plástica,Cruroplastia,12540.00,10450.00,0.00
Tercio Coelho,Profissional,Médico,Cirurgia plástica,Ginecomastia,7920.00,6600.00,0.00
Tercio Coelho,Profissional,Médico,Cirurgia plástica,Ginecomastia com lipo de peitoral,9240.00,7700.00,0.00
Tercio Coelho,Profissional,Médico,Cirurgia plástica,Lifting facial,17160.00,14300.00,0.00
Tercio Coelho,Profissional,Médico,Cirurgia plástica,Lipoaspiração de abdome com enxertia,11880.00,9900.00,0.00
Tercio Coelho,Profissional,Médico,Cirurgia plástica,Lipoaspiracão de abdome e dorso com enxertia,19140.00,15950.00,0.00
Tercio Coelho,Profissional,Médico,Cirurgia plástica,Lipoaspiracão de abdome e dorso sem enxertia,16500.00,13750.00,0.00
Tercio Coelho,Profissional,Médico,Cirurgia plástica,Lipoaspiração de abdome sem enxertia,9240.00,7700.00,0.00
Tercio Coelho,Profissional,Médico,Cirurgia plástica,Lipoaspiração de papada,5280.00,4400.00,0.00
Tercio Coelho,Profissional,Médico,Cirurgia plástica,Lipoaspiracão pequena (ex: braços ou coxas ou axilas + torax),7920.00,6600.00,0.00
Tercio Coelho,Profissional,Médico,Cirurgia plástica,Mamoplastia de aumento,10560.00,8800.00,0.00
Tercio Coelho,Profissional,Médico,Cirurgia plástica,Mamoplastia redutora,14520.00,12100.00,0.00
Tercio Coelho,Profissional,Médico,Cirurgia plástica,Mastopexia com prótese,15840.00,13200.00,0.00
Tercio Coelho,Profissional,Médico,Cirurgia plástica,Mastopexia sem prótese,14520.00,12100.00,0.00
Tercio Coelho,Profissional,Médico,Cirurgia plástica,Miniabdominoplastia,10560.00,8800.00,0.00
Tercio Coelho,Profissional,Médico,Cirurgia plástica,Ninfoplastia,6600.00,5500.00,0.00
Tercio Coelho,Profissional,Médico,Cirurgia plástica,Otoplastia,6600.00,5500.00,0.00
Tercio Coelho,Profissional,Médico,Cirurgia plástica,Plasma de argonio (argoplasma),10560.00,8800.00,0.00
Tercio Coelho,Profissional,Médico,Cirurgia plástica,Rinoplastia,13860.00,11550.00,0.00
Tercio Coelho,Profissional,Médico,Cirurgia plástica,Rinoplastia com cartilagem costal,15840.00,13200.00,0.00
Wolff Hans,Profissional,Médico,Cirurgia plástica,Abdominoplastia,10000.00,8000.00,0.00
Wolff Hans,Profissional,Médico,Cirurgia plástica,Abdominoplastia + hérnia,10625.00,8500.00,0.00
Wolff Hans,Profissional,Médico,Cirurgia plástica,Abdominoplastia + lipo de cintura,13750.00,11000.00,0.00
Wolff Hans,Profissional,Médico,Cirurgia plástica,Abdominoplastia + lipo de cintura + costa,17500.00,14000.00,0.00
Wolff Hans,Profissional,Médico,Cirurgia plástica,Abdominoplastia + lipo média+ hérnia,18125.00,14500.00,0.00
Wolff Hans,Profissional,Médico,Cirurgia plástica,Abdominoplastia + lipoescultura,23000.00,18400.00,0.00
Wolff Hans,Profissional,Médico,Cirurgia plástica,Abdominoplastia + lipoescultura+enxertia de glutéo,24240.00,20200.00,0.00
Wolff Hans,Profissional,Médico,Cirurgia plástica,Abdominoplastia + ninfoplastia,13750.00,11000.00,0.00
Wolff Hans,Profissional,Médico,Cirurgia plástica,Blefaroplastia inferior,5000.00,4000.00,0.00
Wolff Hans,Profissional,Médico,Cirurgia plástica,Blefaroplastia superior,5000.00,4000.00,0.00
Wolff Hans,Profissional,Médico,Cirurgia plástica,Blefaroplastia superior + inferior,9750.00,7800.00,0.00
Wolff Hans,Profissional,Médico,Cirurgia plástica,Bota pneumática cirúrgica,375.00,300.00,0.00
Wolff Hans,Profissional,Médico,Cirurgia plástica,Consulta,450.00,200.00,280.00
Wolff Hans,Profissional,Médico,Cirurgia plástica,Curativos até 3,250.00,200.00,0.00
Wolff Hans,Profissional,Médico,Cirurgia plástica,Enxertia de glúteo,2250.00,1800.00,0.00
Wolff Hans,Profissional,Médico,Cirurgia plástica,Ginecomastia,10000.00,8000.00,0.00
Wolff Hans,Profissional,Médico,Cirurgia plástica,Lifting braço,8750.00,7000.00,0.00
Wolff Hans,Profissional,Médico,Cirurgia plástica,Lifting coxa,8750.00,7000.00,0.00
Wolff Hans,Profissional,Médico,Cirurgia plástica,Lipo de braço,5000.00,4000.00,0.00
Wolff Hans,Profissional,Médico,Cirurgia plástica,Lipo de cintura+ abdominoplastia + enxertia de glúteo,16000.00,12800.00,0.00
Wolff Hans,Profissional,Médico,Cirurgia plástica,Lipoescultura s/ Braço e c/ Tecnologia,20000.00,16000.00,0.00
Wolff Hans,Profissional,Médico,Cirurgia plástica,Lipoescultura s/ Braço e s/ Tecnologia,15000.00,12000.00,0.00
Wolff Hans,Profissional,Médico,Cirurgia plástica,Lipoaspiração média 2 a 4 horas,10000.00,8000.00,0.00
Wolff Hans,Profissional,Médico,Cirurgia plástica,Lipoaspiração pequena até 2 horas,7500.00,6000.00,0.00
Wolff Hans,Profissional,Médico,Cirurgia plástica,Lipoescultura,15000.00,12000.00,0.00
Wolff Hans,Profissional,Médico,Cirurgia plástica,Lipoescultura com laser,20000.00,16000.00,0.00
Wolff Hans,Profissional,Médico,Cirurgia plástica,Mamoplastia de aumento,7500.00,6000.00,0.00
Wolff Hans,Profissional,Médico,Cirurgia plástica,Mamoplastia de aumento + lipo média,17812.50,14250.00,0.00
Wolff Hans,Profissional,Médico,Cirurgia plástica,Mamoplastia de aumento + lipo pequena 2 horas,15000.00,12000.00,0.00
Wolff Hans,Profissional,Médico,Cirurgia plástica,Mamoplastia redutora,11250.00,9000.00,0.00
Wolff Hans,Profissional,Médico,Cirurgia plástica,Mastopexia com prótese,11875.00,9500.00,0.00
Wolff Hans,Profissional,Médico,Cirurgia plástica,Mastopexia sem prótese,11875.00,9500.00,0.00
Wolff Hans,Profissional,Médico,Cirurgia plástica,Mini abdominoplastia + lipo de cintura,12500.00,10000.00,0.00
Wolff Hans,Profissional,Médico,Cirurgia plástica,Ninfoplastia com enxertia de gordura,8125.00,6500.00,0.00
Wolff Hans,Profissional,Médico,Cirurgia plástica,Ninfoplastia pequenos lábios,4750.00,3800.00,0.00
Wolff Hans,Profissional,Médico,Cirurgia plástica,Otoplastia,8125.00,6500.00,0.00
Wolff Hans,Profissional,Médico,Cirurgia plástica,Rinoplastia,11250.00,9000.00,0.00
Wolff Hans,Profissional,Médico,Cirurgia plástica,Rinoplastia c/retirada de costela,13750.00,11000.00,0.00
Joana Cariri,Profissional,Médico,Instrumentação,Instrumentação ginecomastia,450.00,450.00,0.00
Victor Grangeiro de Melo,Profissional,Médico,Otorrinoaringologista,Consulta Otorrinoaringologista,300.00,250.00,280.00
Victor Grangeiro de Melo,Profissional,Médico,Otorrinoaringologista,Adenoamigdalectomia,4000.00,3400.00,0.00
Victor Grangeiro de Melo,Profissional,Médico,Otorrinoaringologista,Adenoidectomia,3000.00,2550.00,0.00
Victor Grangeiro de Melo,Profissional,Médico,Otorrinoaringologista,Amigdalectomia,3000.00,2550.00,0.00
Victor Grangeiro de Melo,Profissional,Médico,Otorrinoaringologista,Rinoplastia (variável),10000.00,8500.00,0.00
Victor Grangeiro de Melo,Profissional,Médico,Otorrinoaringologista,Septoplastia,3000.00,2550.00,0.00
Victor Grangeiro de Melo,Profissional,Médico,Otorrinoaringologista,Sinusectomia,4000.00,3400.00,0.00
Bruno Saraiva Bezerra Medrado,Profissional,Médico,Urologia,Consulta Urologista,350.00,250.00,300.00
Bruno Saraiva Bezerra Medrado,Profissional,Médico,Urologia,RTU de Próstata (Raspagem),5800.00,5220.00,0.00
Bruno Saraiva Bezerra Medrado,Profissional,Médico,Urologia,Cirurgia Aberta (Convencional),8200.00,9020.00,0.00
Bruno Saraiva Bezerra Medrado,Profissional,Médico,Urologia,Bipolep (Enucleação),9200.00,8280.00,0.00
Bruno Saraiva Bezerra Medrado,Profissional,Médico,Urologia,Ureterorrenolitotripsia Rígida,5800.00,5220.00,0.00
Bruno Saraiva Bezerra Medrado,Profissional,Médico,Urologia,Ureterorrenolitotripsia Flexível,7600.00,6840.00,0.00
Bruno Saraiva Bezerra Medrado,Profissional,Médico,Urologia,Nefrolitotripsia Percutânea,13100.00,11790.00,0.00
Bruno Saraiva Bezerra Medrado,Profissional,Médico,Urologia,Vasectomia,2700.00,2430.00,0.00
Bruno Saraiva Bezerra Medrado,Profissional,Médico,Urologia,Prostatectomia Radical Videolaparoscópica,12050.00,10845.00,0.00
Rafael Ataide,Profissional,Médico,Cirurgia plástica,Consulta,450.00,400.00,450.00
Rafael Ataide,Profissional,Médico,Cirurgia plástica,Mamoplastia redutora,24000.00,20000.00,0.00
Rafael Ataide,Profissional,Médico,Cirurgia plástica,Lipo + Abdominoplastia,28000.00,25200.00,0.00
Thales Victor Fernandes Ferreira,Profissional,Médico,Otorrinoaringologista,Adenoamigdalectomia,4300.00,3500.00,0.00
Thales Victor Fernandes Ferreira,Profissional,Médico,Otorrinoaringologista,Adenoidectomia,3600.00,3000.00,0.00
Thales Victor Fernandes Ferreira,Profissional,Médico,Otorrinoaringologista,Amigdalectomia,3600.00,3000.00,0.00
Thales Victor Fernandes Ferreira,Profissional,Médico,Otorrinoaringologista,Blefaroplastia Inferior,7000.00,5500.00,0.00
Thales Victor Fernandes Ferreira,Profissional,Médico,Otorrinoaringologista,Blefaroplastia Superior,7000.00,5500.00,0.00
Thales Victor Fernandes Ferreira,Profissional,Médico,Otorrinoaringologista,Blefaroplastia Superior + Inferior,12000.00,10500.00,0.00
Thales Victor Fernandes Ferreira,Profissional,Médico,Otorrinoaringologista,Frenotomia Lingual,3500.00,2000.00,0.00
Thales Victor Fernandes Ferreira,Profissional,Médico,Otorrinoaringologista,Septoplastia + Turbinectomia + Sinusotomia Maxilar,8500.00,8000.00,0.00
Thales Victor Fernandes Ferreira,Profissional,Médico,Otorrinoaringologista,Septoplastia + Turbinectomia Bilateral,7500.00,7000.00,0.00
Thales Victor Fernandes Ferreira,Profissional,Médico,Otorrinoaringologista,Timpanotomia + Inserção de Tubo de Ventilação,3000.00,2500.00,0.00
Biolab,Local,Laboratório,Exames clínicos,"Teste Do Pezinho Master ( Fenilalanina, T4,Glicose 6 Fosfato Desidrogenase, Sífilis - Anticorpos Totais,Chagas Anticorpos Totais,Citomegalovírus Igm,Cromatografia De Aminoácidos,Tsh,Hemoglobinopatias:,17 Hidroxiprogesterona,Fibrose Cística,Galactose,Toxoplasmose Igm, Rubéola Igm, Atividade Da Biotinidase",450.00,315.00,398.00
Hospital Neurocardio,Local,Hospital,Multidisciplinar,Mamoplastia redutora com prótese + lipo de axila,4050.00,4050.00,0.00
Anestesia e Serviços Médicos LTDA,Profissional,Médico,Anestesia,Mamoplastia redutora com prótese + lipo de axila,3500.00,3800.00,0.00
Anestesia e Serviços Médicos LTDA,Profissional,Médico,Anestesia,Lipoescultura ultrassônica de definição,2600.00,2600.00,0.00
Anestesia e Serviços Médicos LTDA,Profissional,Médico,Anestesia,Lipo de braço,"750,00","750,00",0.00
Hospital Memorial,Local,Hospital,Multidisciplinar,Raio-x - punho,150.00,50.61,120.00
Hospital Memorial,Local,Hospital,Multidisciplinar,Raio-x - sacro-coccix,150.00,53.52,120.00
Hospital Memorial,Local,Hospital,Multidisciplinar,Raio-x - seios da face,150.00,53.35,120.00
Hospital Memorial,Local,Hospital,Multidisciplinar,Raio-x - sela turcica,150.00,51.25,120.00
Hospital Memorial,Local,Hospital,Multidisciplinar,Raio-x - transito e morfologia do delgado,430.00,160.04,120.00
Hospital Memorial,Local,Hospital,Multidisciplinar,Raio-x esterno,150.00,53.36,344.00
Hospital Memorial,Local,Hospital,Multidisciplinar,Retinografia,300.00,100.00,200.00
Hospital Memorial,Local,Hospital,Multidisciplinar,Retinografia,350.00,200.00,290.00
Hospital Memorial,Local,Hospital,Multidisciplinar,Rinoplastia,2640.00,2640.00,0.00
Hospital Memorial,Local,Hospital,Multidisciplinar,Rinoplastia Com Cartilagem Costal,2640.00,2640.00,0.00
Hospital Memorial,Local,Hospital,Multidisciplinar,Rx maos e punhos para idade ossea,150.00,35.76,90.00
Hospital Memorial,Local,Hospital,Multidisciplinar,Tc - abdome inferior,500.00,275.00,120.00
Hospital Memorial,Local,Hospital,Multidisciplinar,Tc - abdome superior,500.00,275.00,400.00
Hospital Memorial,Local,Hospital,Multidisciplinar,"Tc - abdome total (abdome superior, pelve e retroperitonio",650.00,300.00,400.00
Hospital Memorial,Local,Hospital,Multidisciplinar,Tc - articulacao (esternoclavicular ou ombro ou cotovelo ou punho ou sacroiliacas ou coxofemoral ou joelho ou pe) - unilateral,400.00,275.00,520.00
Hospital Memorial,Local,Hospital,Multidisciplinar,Tc - articulacoes temporomandibulares,400.00,275.00,520.00
Hospital Memorial,Local,Hospital,Multidisciplinar,Tc - coluna - segmento adicional,500.00,275.00,400.00
Hospital Memorial,Local,Hospital,Multidisciplinar,Tc - coluna cervical ou dorsal ou lombar (ate 3 segmentos),400.00,275.00,340.00
Hospital Memorial,Local,Hospital,Multidisciplinar,Tc - cranio ou sela turcica ou orbitas,400.00,275.00,340.00
Hospital Memorial,Local,Hospital,Multidisciplinar,Tc - face ou seios da face,400.00,275.00,340.00
Hospital Memorial,Local,Hospital,Multidisciplinar,Tc - mastoides ou orelhas,400.00,275.00,340.00
Hospital Memorial,Local,Hospital,Multidisciplinar,Tc - pelve ou baca,500.00,275.00,400.00
Hospital Memorial,Local,Hospital,Multidisciplinar,"Tc - pescoco (partes moles, laringe, tireoide e faringe)",400.00,275.00,340.00
Hospital Memorial,Local,Hospital,Multidisciplinar,Tc - segmento apendicular (braco ou antebraco ou mao ou coxa ou perna ou pe) - unilateralsegmentos apendiculares (braco ou antebraco ou mao ou coxa ou perna ou,400.00,275.00,340.00
Hospital Memorial,Local,Hospital,Multidisciplinar,Tc - torax,500.00,300.00,400.00
Hospital Memorial,Local,Hospital,Multidisciplinar,Tc contraste,250.00,180.00,225.00
Hospital Memorial,Local,Hospital,Multidisciplinar,Teste de olhinho,200.00,150.00,185.00
Hospital Memorial,Local,Hospital,Multidisciplinar,Teste do olhinho,160.00,100.00,130.00
Hospital Memorial,Local,Hospital,Multidisciplinar,Teste ergometrico computadorizado,220.00,170.00,200.00
Hospital Memorial,Local,Hospital,Multidisciplinar,Tonometria Binocular,40.00,20.00,35.00
Hospital Memorial,Local,Hospital,Multidisciplinar,Tonometria Binocular,80.00,40.00,60.00
Hospital Memorial,Local,Hospital,Multidisciplinar,Topografia Ceratoscopia,300.00,145.00,245.00
Hospital Memorial,Local,Hospital,Multidisciplinar,Topografia Ceratoscopia,160.00,90.00,120.00
Hospital Memorial,Local,Hospital,Multidisciplinar,Ultrasson,560.00,280.00,360.00
Hospital Memorial,Local,Hospital,Multidisciplinar,Ultrasson,300.00,150.00,230.00
Hospital Memorial,Local,Hospital,Multidisciplinar,Unilateral,400.00,275.00,340.00
Hospital Memorial,Local,Hospital,Multidisciplinar,"Usg - ultrassonografia abdome inferior feminino (bexiga, utero, ovario e anexos)",150.00,109.67,140.00
Hospital Memorial,Local,Hospital,Multidisciplinar,"Usg - ultrassonografia abdome inferior masculino (bexiga, prostata e vesiculas seminais)",200.00,105.17,160.00
Hospital Memorial,Local,Hospital,Multidisciplinar,"Usg - ultrassonografia aparelho urinario (rins, ureteres e bexiga)",200.00,109.42,160.00
Hospital Memorial,Local,Hospital,Multidisciplinar,Usg - ultrassonografia articular (por articulcao),180.00,101.58,140.00
Hospital Memorial,Local,Hospital,Multidisciplinar,Usg - ultrassonografia com doppler arterial de membro inferior - unilateral,350.00,318.67,370.00
Hospital Memorial,Local,Hospital,Multidisciplinar,Usg - ultrassonografia com doppler arterial de membro superior - unilateral,350.00,318.67,370.00
Hospital Memorial,Local,Hospital,Multidisciplinar,Usg - ultrassonografia com doppler de aorta e arterias renais,580.00,231.98,464.00
Hospital Memorial,Local,Hospital,Multidisciplinar,Usg - ultrassonografia com doppler de aorta e iliacas,350.00,231.98,290.00
Hospital Memorial,Local,Hospital,Multidisciplinar,Usg - ultrassonografia com doppler de orgao ou estrutura isolada,300.00,208.97,260.00
Hospital Memorial,Local,Hospital,Multidisciplinar,Usg - ultrassonografia com doppler de vasos cervicais venosos bilateral (subclavias e julgulares),350.00,266.36,330.00
Hospital Memorial,Local,Hospital,Multidisciplinar,Usg - Ultrassonografia Com Doppler De Vasos Cervicais Venosos Bilateral (Subclavias E Julgulares),350.00,266.36,330.00
Hospital Memorial,Local,Hospital,Multidisciplinar,Usg - ultrassonografia com doppler transcraniano ou transfontanela,250.00,203.98,250.00
Hospital Memorial,Local,Hospital,Multidisciplinar,Usg - ultrassonografia com doppler venoso de membro inferior - unilateral,350.00,344.17,400.00
Hospital Memorial,Local,Hospital,Multidisciplinar,Usg - ultrassonografia com doppler venoso de membro superior - unilateral,350.00,344.17,400.00
Hospital Memorial,Local,Hospital,Multidisciplinar,Usg - ultrassonografia de estruturas superficiais (cervical ou axilas ou musculo ou tendao),200.00,81.89,160.00
Hospital Memorial,Local,Hospital,Multidisciplinar,Usg - ultrassonografia de glandulas salivares (todas),200.00,101.58,160.00
Hospital Memorial,Local,Hospital,Multidisciplinar,Usg - ultrassonografia diagnostica (monocular) dois olhos,300.00,122.20,240.00
Hospital Memorial,Local,Hospital,Multidisciplinar,Usg - ultrassonografia obstetrica,180.00,74.19,144.00
Hospital Memorial,Local,Hospital,Multidisciplinar,Usg - ultrassonografia obstetrica com doppler,250.00,170.77,215.00
Hospital Memorial,Local,Hospital,Multidisciplinar,Usg - ultrassonografia obstetrico com translucencia nucal,250.00,156.28,200.00
Hospital Memorial,Local,Hospital,Multidisciplinar,Usg - ultrassonografia orgaos superficiais (tireoide/escroto/penis/cranio),200.00,81.89,160.00
Hospital Memorial,Local,Hospital,Multidisciplinar,Usg abdome superior,230.00,120.67,184.00
Hospital Memorial,Local,Hospital,Multidisciplinar,Usg abdome total,250.00,170.26,210.00
Hospital Memorial,Local,Hospital,Multidisciplinar,Usg mama,200.00,120.00,160.00
Hospital Memorial,Local,Hospital,Multidisciplinar,Usg obstétrica morfológica,250.00,200.27,245.00
Hospital Memorial,Local,Hospital,Multidisciplinar,Usg transvaginal,150.00,101.89,130.00
Hospital Memorial,Local,Hospital,Multidisciplinar,Yag Laser,1000.00,800.00,960.00
Hospital Memorial,Local,Hospital,Multidisciplinar,Yag Laser,650.00,420.00,550.00
Matheus Brito Almeida,Profissional,Médico,Cirurgia plástica, Abdominoplastia + Lipo De Cintura + Costa c+ enxertia Glúteo,4000.00,4000.00,0.00
Matheus Brito Almeida,Profissional,Médico,Cirurgia plástica, Braquiplastia,1925.00,1925.00,0.00
Matheus Brito Almeida,Profissional,Médico,Cirurgia plástica, Gigantomastia,2772.00,2772.00,0.00
Matheus Brito Almeida,Profissional,Médico,Cirurgia plástica, Laqueadura,880.00,880.00,0.00
Matheus Brito Almeida,Profissional,Médico,Cirurgia plástica, Lipo avançada de axila,450.00,450.00,0.00
Matheus Brito Almeida,Profissional,Médico,Cirurgia plástica, Lipo de Cintura + Abdome com Enxertia,3080.00,3080.00,0.00
Matheus Brito Almeida,Profissional,Médico,Cirurgia plástica, Lipo de Cintura + Abdome sem Enxertia,2915.00,2915.00,0.00
Matheus Brito Almeida,Profissional,Médico,Cirurgia plástica, Mamoplastia c/ Avanço,2860.00,2860.00,0.00
Matheus Brito Almeida,Profissional,Médico,Cirurgia plástica, Mastopexia com prótese secundária+ lipo axila,2750.00,2750.00,0.00
Matheus Brito Almeida,Profissional,Médico,Cirurgia plástica, Ninfoplastia Pequenos Lábios,1250.00,1250.00,0.00
Matheus Brito Almeida,Profissional,Médico,Cirurgia plástica, Reparo Cicatriz,880.00,880.00,0.00
Matheus Brito Almeida,Profissional,Médico,Cirurgia plástica, Rinoplastia C/ Retirada De Costela,3000.00,3000.00,0.00
Matheus Brito Almeida,Profissional,Médico,Cirurgia plástica, Ritidoplastia Completa,3410.00,3410.00,0.00
Matheus Brito Almeida,Profissional,Médico,Cirurgia plástica,Abdome + lipoescultutra,3762.00,3762.00,0.00
Ricardo Arcanjo,Profissional,Médico,Cirurgia geral,Consulta bariátrica ,0.00,0.00,0.00
Ricardo Arcanjo,Profissional,Médico,Cirurgia geral,Consulta,350.00,250.00,300.00
Hospital Imaculada Conceição,Local,Hospital,Multidisciplinar,Histeroscopia para retirada de mioma,7800.00,6500.00,0.00
Hospital Imaculada Conceição,Local,Hospital,Multidisciplinar,Perineoplastia,8900.00,7000.00,0.00